PLAYER_ID,PLAYER_NAME,TEAM_ID,TEAM_ABBREVIATION,AGE,PLAYER_HEIGHT,PLAYER_HEIGHT_INCHES,PLAYER_WEIGHT,COLLEGE,COUNTRY,DRAFT_YEAR,DRAFT_ROUND,DRAFT_NUMBER,GP,PTS,REB,AST,NET_RATING,OREB_PCT,DREB_PCT,USG_PCT,TS_PCT,AST_PCT,SEASON_YEAR
1630639,A.J. Lawson,1610612750,MIN,22.0,6-6,78,179,South Carolina,Canada,Undrafted,Undrafted,Undrafted,1,2,1,0,-100.0,0.0,0.333,0.167,1.0,0.0,2022-23
1631260,AJ Green,1610612749,MIL,23.0,6-5,77,190,Northern Iowa,USA,Undrafted,Undrafted,Undrafted,9,23,7,2,-23.9,0.02,0.13,0.14,0.751,0.067,2022-23
1631100,AJ Griffin,1610612737,ATL,19.0,6-6,78,220,Duke,USA,2022,1,16,23,229,47,22,-3.6,0.034,0.062,0.195,0.547,0.067,2022-23
203932,Aaron Gordon,1610612743,DEN,27.0,6-8,80,235,Arizona,USA,2014,1,4,23,384,147,49,7.3,0.087,0.146,0.197,0.677,0.096,2022-23
1628988,Aaron Holiday,1610612737,ATL,26.0,6-0,72,185,UCLA,USA,2018,1,23,24,113,37,34,-1.6,0.027,0.06,0.122,0.528,0.102,2022-23
1630174,Aaron Nesmith,1610612754,IND,23.0,6-5,77,215,Vanderbilt,USA,2020,1,14,23,182,72,26,-0.9,0.025,0.119,0.161,0.538,0.071,2022-23
1630598,Aaron Wiggins,1610612760,OKC,23.0,6-5,77,190,Maryland,USA,2021,2,55,19,111,65,31,4.4,0.046,0.133,0.126,0.579,0.111,2022-23
1629678,Admiral Schofield,1610612753,ORL,25.0,6-5,77,241,Tennessee,United Kingdom,2019,2,42,17,71,27,13,-11.7,0.057,0.078,0.134,0.572,0.096,2022-23
201143,Al Horford,1610612738,BOS,36.0,6-9,81,240,Florida,Dominican Republic,2007,1,3,20,204,125,55,8.5,0.035,0.164,0.116,0.678,0.113,2022-23
202692,Alec Burks,1610612765,DET,31.0,6-6,78,214,Colorado,USA,2011,1,12,16,216,46,30,0.8,0.012,0.128,0.246,0.585,0.142,2022-23
1630197,Aleksej Pokusevski,1610612760,OKC,20.0,7-0,84,210,None,Serbia,2020,1,17,23,221,120,44,-10.8,0.064,0.155,0.181,0.549,0.12,2022-23
1627936,Alex Caruso,1610612741,CHI,28.0,6-5,77,186,Texas A&M,USA,Undrafted,Undrafted,Undrafted,25,130,68,95,5.9,0.014,0.099,0.101,0.551,0.187,2022-23
203458,Alex Len,1610612758,SAC,29.0,7-2,86,250,Maryland,Ukraine,2013,1,5,8,11,9,2,-26.1,0.111,0.207,0.147,0.557,0.154,2022-23
1628993,Alize Johnson,1610612759,SAS,26.0,6-8,80,212,Missouri State,USA,2018,2,50,4,7,10,1,19.0,0.063,0.211,0.145,0.509,0.042,2022-23
1631214,Alondes Williams,1610612751,BKN,23.0,6-4,76,210,Wake Forest,USA,Undrafted,Undrafted,Undrafted,1,0,1,0,-53.0,0.0,0.25,0.143,0.0,0.0,2022-23
1630578,Alperen Sengun,1610612745,HOU,20.0,6-11,83,243,None,Turkey,2021,1,16,23,336,199,51,-8.3,0.124,0.198,0.224,0.598,0.134,2022-23
1629599,Amir Coffey,1610612746,LAC,25.0,6-7,79,210,Minnesota,USA,Undrafted,Undrafted,Undrafted,22,87,26,30,-8.9,0.026,0.046,0.118,0.505,0.127,2022-23
203083,Andre Drummond,1610612741,CHI,29.0,6-11,83,279,Connecticut,USA,2012,1,9,20,138,150,16,-1.6,0.166,0.36,0.203,0.57,0.086,2022-23
1629614,Andrew Nembhard,1610612754,IND,22.0,6-3,75,191,Gonzaga,Canada,2022,2,31,22,187,65,91,-3.4,0.017,0.098,0.14,0.585,0.225,2022-23
203952,Andrew Wiggins,1610612744,GSW,27.0,6-7,79,197,Kansas,Canada,2014,1,1,22,420,113,48,8.6,0.046,0.102,0.212,0.621,0.094,2022-23
1629014,Anfernee Simons,1610612757,POR,23.0,6-3,75,181,None,USA,2018,1,24,24,580,73,106,-1.5,0.009,0.076,0.265,0.588,0.202,2022-23
203076,Anthony Davis,1610612747,LAL,29.0,6-10,82,253,Kentucky,USA,2012,1,1,23,638,286,61,3.7,0.094,0.258,0.278,0.665,0.131,2022-23
1630162,Anthony Edwards,1610612750,MIN,21.0,6-4,76,225,Georgia,USA,2020,1,1,26,595,149,105,1.2,0.018,0.131,0.263,0.565,0.164,2022-23
1630264,Anthony Gill,1610612764,WAS,30.0,6-8,80,230,Virginia,USA,Undrafted,Undrafted,Undrafted,23,69,38,12,-5.2,0.051,0.094,0.094,0.621,0.062,2022-23
1630237,Anthony Lamb,1610612744,GSW,24.0,6-6,78,227,Vermont,USA,Undrafted,Undrafted,Undrafted,19,105,63,29,-4.8,0.042,0.137,0.132,0.613,0.123,2022-23
1630559,Austin Reaves,1610612747,LAL,24.0,6-5,77,197,Oklahoma,USA,Undrafted,Undrafted,Undrafted,26,281,78,54,0.2,0.024,0.072,0.127,0.674,0.093,2022-23
203085,Austin Rivers,1610612750,MIN,30.0,6-4,76,200,Duke,USA,2012,1,10,16,45,20,16,-10.5,0.0,0.088,0.094,0.482,0.091,2022-23
1630245,Ayo Dosunmu,1610612741,CHI,22.0,6-5,77,200,Illinois,USA,2021,2,38,25,255,83,71,-7.4,0.021,0.1,0.154,0.601,0.148,2022-23
1628389,Bam Adebayo,1610612748,MIA,25.0,6-9,81,255,Kentucky,USA,2017,1,14,25,520,231,83,3.2,0.068,0.202,0.258,0.589,0.157,2022-23
1627732,Ben Simmons,1610612751,BKN,26.0,6-10,82,240,Louisiana State,Australia,2016,1,1,18,148,119,106,-1.4,0.04,0.176,0.143,0.619,0.286,2022-23
1631097,Bennedict Mathurin,1610612754,IND,20.0,6-5,77,210,Arizona,Canada,2022,1,6,27,484,112,42,-0.7,0.039,0.098,0.249,0.552,0.086,2022-23
202687,Bismack Biyombo,1610612756,PHX,30.0,6-8,80,255,None,DRC,2011,1,7,21,64,69,16,5.9,0.073,0.182,0.141,0.51,0.086,2022-23
201933,Blake Griffin,1610612738,BOS,33.0,6-9,81,250,Oklahoma,USA,2009,1,1,11,68,48,10,14.1,0.075,0.199,0.133,0.708,0.071,2022-23
1631104,Blake Wesley,1610612759,SAS,19.0,6-4,76,185,Notre Dame,USA,2022,1,25,2,16,2,4,-27.7,0.04,0.048,0.213,0.743,0.25,2022-23
1626246,Boban Marjanovic,1610612745,HOU,34.0,7-4,88,290,None,Serbia,Undrafted,Undrafted,Undrafted,8,17,7,1,30.4,0.033,0.214,0.189,0.65,0.05,2022-23
1626171,Bobby Portis,1610612749,MIL,27.0,6-11,83,250,Arkansas,USA,2015,1,22,26,353,267,57,3.5,0.086,0.275,0.21,0.55,0.13,2022-23
203992,Bogdan Bogdanovic,1610612737,ATL,30.0,6-5,77,225,None,Serbia,2014,1,27,5,90,16,11,-4.2,0.0,0.112,0.282,0.561,0.129,2022-23
202711,Bojan Bogdanovic,1610612765,DET,33.0,6-7,79,226,None,Croatia,2011,2,31,28,587,102,66,-9.5,0.019,0.099,0.242,0.658,0.126,2022-23
1629626,Bol Bol,1610612753,ORL,23.0,7-2,86,220,Oregon,Sudan,2019,2,44,28,348,207,32,-5.7,0.053,0.223,0.183,0.671,0.068,2022-23
1630538,Bones Hyland,1610612743,DEN,22.0,6-2,74,169,Virginia Commonwealth,USA,2021,1,26,18,255,40,60,-9.2,0.015,0.089,0.293,0.553,0.258,2022-23
203078,Bradley Beal,1610612764,WAS,29.0,6-4,76,207,Florida,USA,2012,1,3,18,412,67,97,-2.5,0.024,0.081,0.26,0.617,0.252,2022-23
1630527,Brandon Boston Jr.,1610612746,LAC,21.0,6-6,78,188,Kentucky,USA,2021,2,51,9,51,11,5,-2.0,0.029,0.099,0.224,0.543,0.088,2022-23
1629634,Brandon Clarke,1610612763,MEM,26.0,6-8,80,215,Gonzaga,Canada,2019,1,21,26,254,130,32,-1.6,0.057,0.178,0.18,0.651,0.096,2022-23
1627742,Brandon Ingram,1610612740,NOP,25.0,6-8,80,190,Duke,USA,2016,1,2,15,312,76,70,11.1,0.015,0.145,0.268,0.59,0.211,2022-23
1630296,Braxton Key,1610612765,DET,25.0,6-8,80,225,Virginia,USA,Undrafted,Undrafted,Undrafted,3,4,1,0,-4.5,0.0,0.067,0.091,1.064,0.0,2022-23
201572,Brook Lopez,1610612749,MIL,34.0,7-1,85,282,Stanford,USA,2008,1,10,25,364,147,28,7.0,0.051,0.12,0.172,0.613,0.052,2022-23
1628971,Bruce Brown,1610612743,DEN,26.0,6-4,76,202,Miami,USA,2018,2,42,26,284,117,111,-3.3,0.035,0.123,0.164,0.565,0.196,2022-23
1628981,Bruno Fernando,1610612745,HOU,24.0,6-10,82,240,Maryland,Angola,2019,2,34,9,50,41,11,-2.9,0.129,0.216,0.153,0.671,0.138,2022-23
1631121,Bryce McGowens,1610612766,CHA,20.0,6-6,78,175,Nebraska,USA,2022,2,40,12,53,17,13,-13.2,0.015,0.077,0.121,0.549,0.099,2022-23
1627854,Bryn Forbes,1610612750,MIN,29.0,6-2,74,205,Michigan State,USA,Undrafted,Undrafted,Undrafted,12,43,6,9,-1.5,0.021,0.023,0.173,0.447,0.108,2022-23
1631205,Buddy Boeheim,1610612765,DET,23.0,6-6,78,205,Syracuse,USA,Undrafted,Undrafted,Undrafted,1,0,0,0,66.7,0.0,0.0,0.0,0.0,0.0,2022-23
1627741,Buddy Hield,1610612754,IND,29.0,6-4,76,220,Oklahoma,Bahamas,2016,1,6,27,476,126,71,0.2,0.031,0.109,0.217,0.582,0.12,2022-23
203468,CJ McCollum,1610612740,NOP,31.0,6-3,75,190,Lehigh,USA,2013,1,10,22,385,107,130,7.9,0.027,0.106,0.24,0.487,0.236,2022-23
1630595,Cade Cunningham,1610612765,DET,21.0,6-7,79,220,Oklahoma State,USA,2021,1,1,12,239,74,72,-6.1,0.027,0.148,0.287,0.492,0.306,2022-23
1631216,Caleb Houstan,1610612753,ORL,19.0,6-8,80,205,Michigan,Canada,2022,2,32,21,89,55,16,-5.8,0.04,0.104,0.101,0.519,0.056,2022-23
1628997,Caleb Martin,1610612748,MIA,27.0,6-5,77,205,Nevada,USA,Undrafted,Undrafted,Undrafted,26,297,124,49,2.7,0.048,0.1,0.145,0.581,0.084,2022-23
1629629,Cam Reddish,1610612752,NYK,23.0,6-7,79,217,Duke,USA,2019,1,10,20,168,31,20,-1.6,0.015,0.051,0.155,0.558,0.062,2022-23
1630560,Cam Thomas,1610612751,BKN,21.0,6-3,75,210,Louisiana State,Japan,2021,1,27,21,154,29,30,2.9,0.01,0.076,0.227,0.522,0.142,2022-23
1629661,Cameron Johnson,1610612756,PHX,26.0,6-8,80,210,North Carolina,USA,2019,1,11,8,104,27,14,18.8,0.027,0.101,0.195,0.592,0.094,2022-23
1626166,Cameron Payne,1610612756,PHX,28.0,6-1,73,183,Murray State,USA,2015,1,14,25,321,62,138,1.9,0.014,0.088,0.237,0.513,0.298,2022-23
1627747,Caris LeVert,1610612739,CLE,28.0,6-6,78,205,Michigan,USA,2016,1,20,23,275,101,104,4.9,0.029,0.113,0.194,0.492,0.209,2022-23
1626224,Cedi Osman,1610612739,CLE,27.0,6-7,79,230,None,Turkey,2015,2,31,27,248,82,44,12.0,0.014,0.118,0.169,0.551,0.098,2022-23
1629646,Charles Bassey,1610612759,SAS,22.0,6-9,81,230,Western Kentucky,Nigeria,2021,2,53,16,96,93,25,-5.8,0.125,0.236,0.141,0.731,0.137,2022-23
1631320,Chima Moneke,1610612758,SAC,26.0,6-5,77,223,California-Davis,Nigeria,Undrafted,Undrafted,Undrafted,2,2,2,1,-57.2,0.25,0.0,0.25,0.347,0.25,2022-23
1629002,Chimezie Metu,1610612758,SAC,25.0,6-9,81,225,Southern California,USA,2018,2,49,21,118,70,16,5.1,0.049,0.207,0.161,0.672,0.082,2022-23
1628449,Chris Boucher,1610612761,TOR,29.0,6-9,81,200,Oregon,Saint Lucia,Undrafted,Undrafted,Undrafted,23,262,140,13,0.2,0.09,0.184,0.194,0.556,0.037,2022-23
1630537,Chris Duarte,1610612754,IND,25.0,6-5,77,190,Oregon,Dominican Republic,2021,1,13,9,80,19,9,-0.4,0.021,0.093,0.199,0.524,0.077,2022-23
101108,Chris Paul,1610612756,PHX,37.0,6-0,72,175,Wake Forest,USA,2005,1,4,13,129,60,116,5.1,0.015,0.134,0.164,0.524,0.384,2022-23
1631128,Christian Braun,1610612743,DEN,21.0,6-6,78,220,Kansas,USA,2022,1,21,24,76,51,15,-7.2,0.048,0.11,0.105,0.512,0.06,2022-23
1631132,Christian Koloko,1610612761,TOR,22.0,7-0,84,230,Arizona,Cameroon,2022,2,33,27,102,93,12,5.8,0.087,0.113,0.104,0.5,0.035,2022-23
1626174,Christian Wood,1610612742,DAL,27.0,6-9,81,214,UNLV,USA,Undrafted,Undrafted,Undrafted,23,386,179,33,2.0,0.047,0.272,0.268,0.638,0.096,2022-23
1629643,Chuma Okeke,1610612753,ORL,24.0,6-8,80,229,Auburn,USA,2019,1,16,18,98,76,26,-8.7,0.053,0.131,0.114,0.509,0.09,2022-23
203991,Clint Capela,1610612737,ATL,28.0,6-10,82,256,None,Switzerland,2014,1,25,25,298,306,18,0.1,0.145,0.268,0.148,0.628,0.035,2022-23
1629632,Coby White,1610612741,CHI,22.0,6-5,77,195,North Carolina,USA,2019,1,7,18,132,41,35,1.4,0.008,0.105,0.165,0.511,0.133,2022-23
1628998,Cody Martin,1610612766,CHA,27.0,6-6,78,205,Nevada,USA,2019,2,36,1,0,0,0,-300.0,0.0,0.0,0.0,0.0,0.0,2022-23
1630175,Cole Anthony,1610612753,ORL,22.0,6-3,75,185,North Carolina,USA,2020,1,15,11,149,49,43,-5.5,0.02,0.14,0.217,0.549,0.243,2022-23
1631306,Cole Swider,1610612747,LAL,23.0,6-9,81,220,Syracuse,USA,Undrafted,Undrafted,Undrafted,1,0,1,1,75.0,0.0,0.5,0.25,0.0,1.0,2022-23
1629012,Collin Sexton,1610612762,UTA,23.0,6-2,74,190,Alabama,USA,2018,1,8,27,387,64,80,1.0,0.034,0.061,0.231,0.605,0.172,2022-23
1630557,Corey Kispert,1610612764,WAS,23.0,6-6,78,224,Gonzaga,USA,2021,1,15,19,181,49,32,-2.0,0.023,0.062,0.123,0.653,0.082,2022-23
202709,Cory Joseph,1610612765,DET,31.0,6-3,75,200,Texas,Canada,2011,1,29,23,113,25,74,-2.8,0.016,0.051,0.137,0.526,0.288,2022-23
1626156,D'Angelo Russell,1610612750,MIN,26.0,6-4,76,193,Ohio State,USA,2015,1,2,26,426,81,163,-3.4,0.019,0.076,0.224,0.576,0.288,2022-23
1630227,Daishen Nix,1610612745,HOU,20.0,6-4,76,226,None,USA,Undrafted,Undrafted,Undrafted,24,86,42,63,-2.6,0.025,0.089,0.135,0.481,0.237,2022-23
1630625,Dalano Banton,1610612761,TOR,23.0,6-7,79,204,Nebraska,Canada,2021,2,46,20,107,31,24,-12.4,0.04,0.113,0.228,0.519,0.195,2022-23
1631207,Dalen Terry,1610612741,CHI,20.0,6-7,79,195,Arizona,USA,2022,1,18,11,12,2,7,7.5,0.0,0.042,0.207,0.436,0.28,2022-23
1627745,Damian Jones,1610612747,LAL,27.0,6-11,83,245,Vanderbilt,USA,2016,1,30,13,39,40,4,-13.2,0.109,0.172,0.128,0.606,0.059,2022-23
203081,Damian Lillard,1610612757,POR,32.0,6-2,74,195,Weber State,USA,2012,1,6,14,386,58,103,5.2,0.023,0.096,0.314,0.619,0.346,2022-23
1627814,Damion Lee,1610612756,PHX,30.0,6-5,77,210,Drexel,USA,Undrafted,Undrafted,Undrafted,27,228,94,35,4.2,0.032,0.133,0.137,0.648,0.084,2022-23
1629655,Daniel Gafford,1610612764,WAS,24.0,6-10,82,234,Arkansas,USA,2019,2,38,27,158,108,11,-4.2,0.114,0.155,0.149,0.719,0.048,2022-23
1627863,Danuel House Jr.,1610612755,PHI,29.0,6-6,78,220,Texas A&M,USA,Undrafted,Undrafted,Undrafted,22,108,44,17,-1.1,0.011,0.099,0.11,0.618,0.061,2022-23
203967,Dario Saric,1610612756,PHX,28.0,6-10,82,225,None,Croatia,2014,1,12,14,53,48,15,7.6,0.096,0.215,0.161,0.449,0.112,2022-23
1629647,Darius Bazley,1610612760,OKC,22.0,6-9,81,216,None,USA,2019,1,23,19,107,73,18,-0.7,0.057,0.161,0.16,0.503,0.084,2022-23
1629636,Darius Garland,1610612739,CLE,22.0,6-1,73,192,Vanderbilt,USA,2019,1,5,21,453,47,164,2.6,0.008,0.056,0.272,0.565,0.357,2022-23
1630561,David Duke Jr.,1610612751,BKN,23.0,6-4,76,204,Providence,USA,Undrafted,Undrafted,Undrafted,14,42,15,12,-10.1,0.05,0.077,0.197,0.451,0.154,2022-23
1631223,David Roddy,1610612763,MEM,21.0,6-4,76,255,Colorado State,USA,2022,1,23,26,161,67,18,-7.0,0.032,0.092,0.145,0.5,0.05,2022-23
1630558,Davion Mitchell,1610612758,SAC,24.0,6-0,72,202,Baylor,USA,2021,1,9,25,166,40,60,6.4,0.004,0.079,0.16,0.537,0.169,2022-23
202722,Davis Bertans,1610612742,DAL,30.0,6-10,82,225,None,Latvia,2011,2,42,10,34,8,4,-15.3,0.025,0.087,0.182,0.555,0.087,2022-23
1628432,Davon Reed,1610612743,DEN,27.0,6-5,77,206,Miami,USA,2017,2,32,18,51,28,9,-8.1,0.021,0.128,0.15,0.444,0.065,2022-23
1630549,Day'Ron Sharpe,1610612751,BKN,21.0,6-9,81,265,North Carolina,USA,2021,1,29,17,61,57,10,-10.1,0.138,0.236,0.166,0.581,0.088,2022-23
1628368,De'Aaron Fox,1610612758,SAC,24.0,6-3,75,185,Kentucky,USA,2017,1,5,22,501,109,124,3.5,0.015,0.137,0.274,0.607,0.276,2022-23
1629631,De'Andre Hunter,1610612737,ATL,25.0,6-8,80,221,Virginia,USA,2019,1,4,22,329,87,25,1.4,0.02,0.104,0.2,0.552,0.052,2022-23
1629001,De'Anthony Melton,1610612755,PHI,24.0,6-2,74,200,Southern California,USA,2018,2,46,24,285,106,78,-0.4,0.038,0.118,0.188,0.548,0.165,2022-23
201599,DeAndre Jordan,1610612743,DEN,34.0,6-11,83,265,Texas A&M,USA,2008,2,35,21,108,123,20,-3.0,0.104,0.248,0.132,0.729,0.093,2022-23
201942,DeMar DeRozan,1610612741,CHI,33.0,6-6,78,220,Southern California,USA,2009,1,9,26,675,130,124,1.4,0.013,0.135,0.282,0.601,0.22,2022-23
1629731,Dean Wade,1610612739,CLE,26.0,6-9,81,228,Kansas State,USA,Undrafted,Undrafted,Undrafted,17,108,69,17,11.6,0.025,0.144,0.102,0.602,0.058,2022-23
1629028,Deandre Ayton,1610612756,PHX,24.0,7-0,84,250,Arizona,Bahamas,2018,1,1,25,437,244,56,1.4,0.1,0.244,0.219,0.656,0.115,2022-23
1627749,Dejounte Murray,1610612737,ATL,26.0,6-5,77,180,Washington,USA,2016,1,29,25,519,136,156,0.9,0.02,0.131,0.252,0.537,0.263,2022-23
1626153,Delon Wright,1610612764,WAS,30.0,6-5,77,185,Utah,USA,2015,1,20,4,26,10,13,-13.7,0.045,0.054,0.14,0.496,0.232,2022-23
1630166,Deni Avdija,1610612764,WAS,21.0,6-9,81,210,None,Israel,2020,1,9,27,208,141,71,-2.0,0.038,0.163,0.157,0.495,0.138,2022-23
203471,Dennis Schroder,1610612747,LAL,29.0,6-1,73,172,None,Germany,2013,1,17,12,106,23,45,-1.7,0.003,0.063,0.156,0.534,0.197,2022-23
1628372,Dennis Smith Jr.,1610612766,CHA,25.0,6-2,74,205,North Carolina State,USA,2017,1,9,15,140,49,85,1.0,0.02,0.092,0.162,0.503,0.296,2022-23
1631220,Dereon Seabron,1610612740,NOP,22.0,6-5,77,180,North Carolina State,USA,Undrafted,Undrafted,Undrafted,2,0,0,0,5.0,0.0,0.0,0.0,0.0,0.0,2022-23
1627884,Derrick Jones Jr.,1610612741,CHI,25.0,6-6,78,210,UNLV,USA,Undrafted,Undrafted,Undrafted,21,118,50,12,4.8,0.07,0.096,0.15,0.606,0.056,2022-23
201565,Derrick Rose,1610612752,NYK,34.0,6-3,75,200,Memphis,USA,2008,1,1,21,135,37,42,1.7,0.026,0.086,0.221,0.484,0.219,2022-23
1628401,Derrick White,1610612738,BOS,28.0,6-4,76,190,Colorado,USA,2017,1,29,27,282,79,89,13.2,0.023,0.086,0.161,0.608,0.167,2022-23
1630217,Desmond Bane,1610612763,MEM,24.0,6-5,77,215,TCU,USA,2020,1,30,12,296,59,57,9.2,0.014,0.123,0.265,0.622,0.211,2022-23
1626164,Devin Booker,1610612756,PHX,26.0,6-5,77,206,Kentucky,USA,2015,1,13,26,712,124,152,5.9,0.023,0.113,0.308,0.587,0.252,2022-23
1630170,Devin Vassell,1610612759,SAS,22.0,6-5,77,200,Florida State,USA,2020,1,11,20,408,84,70,-11.0,0.006,0.132,0.239,0.581,0.164,2022-23
1629653,Devon Dotson,1610612764,WAS,23.0,6-1,73,185,Kansas,USA,Undrafted,Undrafted,Undrafted,3,3,8,5,-9.8,0.132,0.094,0.096,0.25,0.2,2022-23
1628984,Devonte' Graham,1610612740,NOP,27.0,6-1,73,195,Kansas,USA,2018,2,34,26,146,38,55,2.3,0.014,0.081,0.149,0.56,0.186,2022-23
203473,Dewayne Dedmon,1610612748,MIA,33.0,6-10,82,245,Southern California,USA,Undrafted,Undrafted,Undrafted,22,146,80,13,-11.7,0.074,0.221,0.213,0.589,0.087,2022-23
1628415,Dillon Brooks,1610612763,MEM,26.0,6-6,78,225,Oregon,Canada,2017,2,45,23,407,84,67,8.2,0.023,0.088,0.25,0.494,0.135,2022-23
1627734,Domantas Sabonis,1610612758,SAC,26.0,7-1,85,240,Gonzaga,Lithuania,2016,1,11,25,429,284,161,6.2,0.078,0.279,0.201,0.667,0.284,2022-23
1631230,Dominick Barlow,1610612759,SAS,19.0,6-9,81,215,None,USA,Undrafted,Undrafted,Undrafted,3,8,3,3,-9.7,0.067,0.045,0.14,0.515,0.273,2022-23
1628378,Donovan Mitchell,1610612739,CLE,26.0,6-1,73,215,Louisville,USA,2017,1,13,23,668,91,112,5.1,0.025,0.086,0.303,0.635,0.237,2022-23
1628978,Donte DiVincenzo,1610612744,GSW,25.0,6-4,76,203,Villanova,USA,2018,1,17,19,95,69,45,-3.3,0.042,0.151,0.136,0.518,0.176,2022-23
1627827,Dorian Finney-Smith,1610612742,DAL,29.0,6-7,79,220,Florida,USA,Undrafted,Undrafted,Undrafted,26,218,104,28,0.1,0.04,0.094,0.122,0.534,0.046,2022-23
203926,Doug McDermott,1610612759,SAS,30.0,6-6,78,225,Creighton,USA,2014,1,11,22,230,42,36,-9.5,0.014,0.077,0.18,0.611,0.111,2022-23
203110,Draymond Green,1610612744,GSW,32.0,6-6,78,230,Michigan State,USA,2012,2,35,24,208,149,164,11.7,0.022,0.161,0.127,0.613,0.257,2022-23
1629234,Drew Eubanks,1610612757,POR,25.0,6-10,82,245,Oregon State,USA,Undrafted,Undrafted,Undrafted,24,138,95,20,-0.9,0.085,0.148,0.11,0.734,0.071,2022-23
1630696,Dru Smith,1610612748,MIA,24.0,6-3,75,203,Missouri,USA,Undrafted,Undrafted,Undrafted,5,11,9,5,-11.6,0.014,0.118,0.097,0.393,0.098,2022-23
1630613,Duane Washington Jr.,1610612756,PHX,22.0,6-2,74,197,Ohio State,Germany,Undrafted,Undrafted,Undrafted,15,69,9,11,-1.7,0.0,0.064,0.252,0.443,0.118,2022-23
1629130,Duncan Robinson,1610612748,MIA,28.0,6-7,79,215,Michigan,USA,Undrafted,Undrafted,Undrafted,19,112,38,22,-8.1,0.016,0.106,0.166,0.497,0.107,2022-23
203939,Dwight Powell,1610612742,DAL,31.0,6-10,82,240,Stanford,Canada,2014,2,45,23,138,83,11,7.2,0.105,0.107,0.128,0.717,0.041,2022-23
1630700,Dyson Daniels,1610612740,NOP,19.0,6-7,79,199,None,Australia,2022,1,8,18,101,66,44,4.0,0.028,0.141,0.118,0.589,0.164,2022-23
1628410,Edmond Sumner,1610612751,BKN,26.0,6-4,76,196,Xavier,USA,2017,2,52,23,179,37,31,2.3,0.03,0.07,0.204,0.586,0.118,2022-23
201569,Eric Gordon,1610612745,HOU,33.0,6-3,75,215,Indiana,USA,2008,1,7,22,269,44,56,-5.4,0.01,0.055,0.167,0.581,0.126,2022-23
1630647,Eugene Omoruyi,1610612760,OKC,25.0,6-6,78,235,Oregon,Nigeria,Undrafted,Undrafted,Undrafted,9,58,19,4,1.3,0.063,0.091,0.189,0.594,0.051,2022-23
203095,Evan Fournier,1610612752,NYK,30.0,6-6,78,205,None,France,2012,1,20,13,90,27,22,-8.3,0.007,0.092,0.171,0.474,0.117,2022-23
1630596,Evan Mobley,1610612739,CLE,21.0,6-11,83,215,Southern California,USA,2021,1,3,27,404,252,67,2.3,0.086,0.198,0.187,0.593,0.114,2022-23
1630267,Facundo Campazzo,1610612742,DAL,31.0,5-10,70,195,None,Argentina,Undrafted,Undrafted,Undrafted,8,10,2,9,11.0,0.0,0.041,0.144,0.36,0.3,2022-23
1626163,Frank Kaminsky,1610612737,ATL,29.0,7-0,84,240,Wisconsin,USA,2015,1,9,11,21,13,7,-7.2,0.0,0.224,0.108,0.763,0.143,2022-23
1628373,Frank Ntilikina,1610612742,DAL,24.0,6-4,76,200,None,France,2017,1,8,8,9,11,10,-2.8,0.015,0.182,0.127,0.25,0.196,2022-23
1630532,Franz Wagner,1610612753,ORL,21.0,6-10,82,220,Michigan,Germany,2021,1,8,28,554,116,101,-3.6,0.026,0.096,0.246,0.596,0.183,2022-23
1627832,Fred VanVleet,1610612761,TOR,28.0,6-0,72,197,Wichita State,USA,Undrafted,Undrafted,Undrafted,21,358,74,135,1.1,0.013,0.092,0.213,0.51,0.256,2022-23
1627788,Furkan Korkmaz,1610612755,PHI,25.0,6-7,79,202,None,Turkey,2016,1,26,15,73,20,14,2.3,0.022,0.085,0.182,0.525,0.11,2022-23
1629216,Gabe Vincent,1610612748,MIA,26.0,6-2,74,200,California-Santa Barbara,USA,Undrafted,Undrafted,Undrafted,19,168,39,56,-1.5,0.011,0.072,0.174,0.509,0.184,2022-23
202066,Garrett Temple,1610612740,NOP,36.0,6-6,78,195,Louisiana State,USA,Undrafted,Undrafted,Undrafted,9,26,6,3,-12.4,0.012,0.066,0.148,0.547,0.071,2022-23
1629726,Garrison Mathews,1610612745,HOU,26.0,6-6,78,215,Lipscomb,USA,Undrafted,Undrafted,Undrafted,22,112,25,9,1.9,0.009,0.071,0.128,0.619,0.043,2022-23
203914,Gary Harris,1610612753,ORL,28.0,6-4,76,210,Michigan State,USA,2014,1,19,6,62,16,12,-10.3,0.034,0.08,0.169,0.612,0.113,2022-23
1629018,Gary Trent Jr.,1610612761,TOR,23.0,6-5,77,209,Duke,USA,2018,2,37,24,412,49,35,-3.0,0.015,0.051,0.217,0.55,0.075,2022-23
201588,George Hill,1610612749,MIL,36.0,6-4,76,188,Indiana-Purdue Indianapolis,USA,2008,1,26,26,124,50,65,4.1,0.017,0.072,0.107,0.54,0.17,2022-23
1627777,Georges Niang,1610612755,PHI,29.0,6-7,79,230,Iowa State,USA,2016,2,50,24,225,50,27,0.3,0.011,0.095,0.182,0.633,0.093,2022-23
203507,Giannis Antetokounmpo,1610612749,MIL,28.0,7-0,84,243,None,Greece,2013,1,15,22,685,249,118,6.4,0.058,0.255,0.372,0.59,0.311,2022-23
1629048,Goga Bitadze,1610612754,IND,23.0,6-11,83,250,None,Georgia,2019,1,18,16,58,37,16,-1.9,0.095,0.148,0.153,0.581,0.147,2022-23
201609,Goran Dragic,1610612741,CHI,36.0,6-4,76,190,None,Slovenia,2008,2,45,25,196,38,83,5.5,0.025,0.064,0.206,0.525,0.269,2022-23
202330,Gordon Hayward,1610612766,CHA,32.0,6-7,79,225,Butler,USA,2010,1,9,11,179,47,48,-7.4,0.017,0.114,0.221,0.543,0.207,2022-23
203476,Gorgui Dieng,1610612759,SAS,32.0,6-10,82,248,Louisville,Senegal,2013,1,21,11,43,31,19,-14.5,0.068,0.202,0.178,0.555,0.232,2022-23
1629684,Grant Williams,1610612738,BOS,24.0,6-6,78,236,Tennessee,USA,2019,1,22,26,237,118,45,6.8,0.03,0.129,0.107,0.717,0.081,2022-23
1628960,Grayson Allen,1610612749,MIL,27.0,6-4,76,198,Duke,USA,2018,1,21,23,250,83,61,9.8,0.032,0.091,0.147,0.631,0.129,2022-23
1630535,Greg Brown III,1610612757,POR,21.0,6-7,79,206,Texas,USA,2021,2,43,7,17,7,0,2.9,0.018,0.098,0.175,0.459,0.0,2022-23
1628977,Hamidou Diallo,1610612765,DET,24.0,6-5,77,202,Kentucky,USA,2018,2,45,25,157,70,23,-2.2,0.054,0.12,0.182,0.53,0.094,2022-23
203084,Harrison Barnes,1610612758,SAC,30.0,6-8,80,225,North Carolina,USA,2012,1,7,25,346,128,46,4.1,0.031,0.135,0.169,0.636,0.081,2022-23
1629312,Haywood Highsmith,1610612748,MIA,26.0,6-5,77,220,Wheeling Jesuit,USA,2018,,,17,61,68,10,-8.5,0.046,0.152,0.117,0.405,0.05,2022-23
1630529,Herbert Jones,1610612740,NOP,24.0,6-7,79,206,Alabama,USA,2021,2,35,17,180,63,35,8.9,0.045,0.086,0.163,0.543,0.094,2022-23
1630193,Immanuel Quickley,1610612752,NYK,23.0,6-2,74,190,Kentucky,USA,2020,1,25,27,272,116,81,5.2,0.024,0.131,0.189,0.528,0.193,2022-23
1630171,Isaac Okoro,1610612739,CLE,21.0,6-5,77,225,Auburn,USA,2020,1,5,27,115,54,18,2.8,0.026,0.079,0.111,0.517,0.051,2022-23
1628392,Isaiah Hartenstein,1610612752,NYK,24.0,7-0,84,250,None,Germany,2017,2,43,27,172,187,22,2.1,0.127,0.174,0.121,0.597,0.054,2022-23
1630543,Isaiah Jackson,1610612754,IND,20.0,6-9,81,205,Kentucky,USA,2021,1,22,25,178,103,25,1.9,0.088,0.16,0.171,0.594,0.092,2022-23
1630198,Isaiah Joe,1610612760,OKC,23.0,6-3,75,165,Arkansas,USA,2020,2,49,19,108,30,19,14.2,0.018,0.15,0.194,0.699,0.144,2022-23
1630587,Isaiah Livers,1610612765,DET,24.0,6-6,78,232,Michigan,USA,2021,2,42,22,128,50,13,-14.5,0.024,0.097,0.122,0.567,0.045,2022-23
1630600,Isaiah Mobley,1610612739,CLE,23.0,6-8,80,238,Southern California,USA,2022,2,49,7,9,11,0,52.7,0.053,0.303,0.151,0.563,0.0,2022-23
1629676,Isaiah Roby,1610612759,SAS,24.0,6-8,80,230,Nebraska,USA,2019,2,45,21,97,62,28,-10.7,0.032,0.203,0.161,0.509,0.143,2022-23
1630191,Isaiah Stewart,1610612765,DET,21.0,6-8,80,250,Washington,USA,2020,1,16,22,258,188,27,-6.4,0.084,0.218,0.168,0.591,0.065,2022-23
1630225,Isaiah Todd,1610612764,WAS,21.0,6-9,81,219,None,USA,2021,2,31,4,2,0,0,-14.8,0.0,0.0,0.133,0.25,0.0,2022-23
202397,Ish Smith,1610612743,DEN,34.0,6-0,72,175,Wake Forest,USA,Undrafted,Undrafted,Undrafted,10,37,13,25,-2.6,0.008,0.094,0.196,0.422,0.313,2022-23
1630688,Ish Wainright,1610612756,PHX,28.0,6-5,77,250,Baylor,USA,Undrafted,Undrafted,Undrafted,10,40,19,11,14.8,0.061,0.074,0.096,0.682,0.099,2022-23
1627826,Ivica Zubac,1610612746,LAC,25.0,7-0,84,240,None,Croatia,2016,2,32,28,296,313,32,-6.0,0.113,0.245,0.149,0.651,0.056,2022-23
1631120,JD Davison,1610612738,BOS,20.0,6-1,73,195,Alabama,USA,2022,2,53,3,2,1,1,-16.4,0.0,0.1,0.263,0.25,0.167,2022-23
1630550,JT Thor,1610612766,CHA,20.0,6-9,81,203,Auburn,USA,2021,2,37,17,35,31,8,2.4,0.052,0.133,0.131,0.407,0.073,2022-23
1629630,Ja Morant,1610612763,MEM,23.0,6-2,74,174,Murray State,USA,2019,1,2,22,610,145,172,8.7,0.037,0.148,0.344,0.554,0.397,2022-23
203210,JaMychal Green,1610612744,GSW,32.0,6-9,81,227,Alabama,USA,Undrafted,Undrafted,Undrafted,24,129,90,17,-5.3,0.089,0.151,0.154,0.556,0.066,2022-23
201580,JaVale McGee,1610612742,DAL,34.0,7-0,84,270,Nevada,USA,2008,1,18,17,83,44,4,-16.2,0.077,0.213,0.227,0.632,0.043,2022-23
1631095,Jabari Smith Jr.,1610612745,HOU,19.0,6-11,83,220,Auburn,USA,2022,1,3,25,301,176,19,-11.5,0.038,0.189,0.175,0.515,0.038,2022-23
1631133,Jabari Walker,1610612757,POR,20.0,6-7,79,200,Colorado,USA,2022,2,57,13,25,29,9,11.8,0.068,0.182,0.132,0.436,0.12,2022-23
1631298,Jack White,1610612743,DEN,25.0,6-7,79,225,Duke,Australia,Undrafted,Undrafted,Undrafted,8,2,5,0,-54.0,0.057,0.15,0.092,0.167,0.0,2022-23
1630702,Jaden Hardy,1610612742,DAL,20.0,6-3,75,198,None,USA,2022,2,37,6,30,4,2,-27.7,0.0,0.118,0.303,0.483,0.083,2022-23
1631093,Jaden Ivey,1610612765,DET,20.0,6-4,76,195,Purdue,USA,2022,1,5,25,382,111,100,-10.4,0.033,0.111,0.242,0.503,0.211,2022-23
1630183,Jaden McDaniels,1610612750,MIN,22.0,6-9,81,185,Washington,USA,2020,1,28,23,256,74,31,1.4,0.045,0.061,0.146,0.632,0.061,2022-23
1630531,Jaden Springer,1610612755,PHI,20.0,6-4,76,202,Tennessee,USA,2021,1,28,3,5,2,0,-14.0,0.2,0.125,0.357,0.644,0.0,2022-23
1630256,Jae'Sean Tate,1610612745,HOU,27.0,6-5,77,230,Ohio State,USA,Undrafted,Undrafted,Undrafted,3,25,13,10,-6.9,0.098,0.082,0.158,0.574,0.222,2022-23
1631222,Jake LaRavia,1610612763,MEM,21.0,6-7,79,235,Wake Forest,USA,2022,1,19,16,82,50,16,-4.0,0.042,0.118,0.123,0.568,0.072,2022-23
1627751,Jakob Poeltl,1610612759,SAS,27.0,7-1,85,245,Utah,Austria,2016,1,9,20,257,197,69,-10.8,0.133,0.238,0.189,0.634,0.189,2022-23
1628973,Jalen Brunson,1610612752,NYK,26.0,6-2,74,190,Villanova,USA,2018,2,33,27,542,90,170,-0.7,0.014,0.087,0.252,0.569,0.309,2022-23
1631105,Jalen Duren,1610612765,DET,19.0,6-11,83,250,Memphis,USA,2022,1,13,26,171,189,16,-8.2,0.119,0.2,0.119,0.612,0.043,2022-23
1630224,Jalen Green,1610612745,HOU,20.0,6-4,76,186,None,USA,2021,1,2,26,562,105,100,-9.7,0.017,0.1,0.275,0.535,0.187,2022-23
1630552,Jalen Johnson,1610612737,ATL,20.0,6-8,80,219,Duke,USA,2021,1,20,25,113,90,25,-3.2,0.034,0.192,0.129,0.5,0.085,2022-23
1629667,Jalen McDaniels,1610612766,CHA,24.0,6-9,81,205,San Diego State,USA,2019,2,52,27,281,127,64,-7.4,0.03,0.14,0.166,0.55,0.126,2022-23
1630188,Jalen Smith,1610612754,IND,22.0,6-9,81,215,Maryland,USA,2020,1,10,26,290,175,28,-3.6,0.072,0.203,0.207,0.543,0.068,2022-23
1630591,Jalen Suggs,1610612753,ORL,21.0,6-5,77,205,Gonzaga,USA,2021,1,5,14,173,46,76,-5.3,0.039,0.076,0.224,0.508,0.266,2022-23
1631114,Jalen Williams,1610612760,OKC,21.0,6-5,77,211,Santa Clara,USA,2022,1,12,22,234,69,56,-8.3,0.021,0.095,0.165,0.591,0.142,2022-23
1631288,Jamal Cain,1610612748,MIA,23.0,6-6,78,191,Oakland,USA,Undrafted,Undrafted,Undrafted,8,35,19,5,-7.9,0.074,0.124,0.145,0.571,0.093,2022-23
1627750,Jamal Murray,1610612743,DEN,25.0,6-4,76,215,Kentucky,Canada,2016,1,7,22,403,82,112,8.5,0.021,0.108,0.268,0.536,0.23,2022-23
1630547,James Bouknight,1610612766,CHA,22.0,6-4,76,190,Connecticut,USA,2021,1,11,21,108,46,26,-3.8,0.014,0.114,0.176,0.433,0.111,2022-23
201935,James Harden,1610612755,PHI,33.0,6-5,77,220,Arizona State,USA,2009,1,3,12,266,80,125,4.7,0.02,0.164,0.261,0.584,0.433,2022-23
201949,James Johnson,1610612754,IND,35.0,6-7,79,240,Wake Forest,USA,2009,1,16,7,13,8,5,7.8,0.0,0.154,0.125,0.406,0.106,2022-23
1630164,James Wiseman,1610612744,GSW,21.0,7-0,84,240,Memphis,USA,2020,1,2,12,78,44,11,-24.0,0.076,0.204,0.188,0.609,0.118,2022-23
1628991,Jaren Jackson Jr.,1610612763,MEM,23.0,6-10,82,242,Michigan State,USA,2018,1,4,10,187,61,2,9.3,0.067,0.137,0.245,0.626,0.011,2022-23
1629020,Jarred Vanderbilt,1610612762,UTA,23.0,6-8,80,214,Kentucky,USA,2018,2,41,27,228,217,73,-3.1,0.095,0.234,0.138,0.64,0.146,2022-23
1628386,Jarrett Allen,1610612739,CLE,24.0,6-9,81,243,Texas,USA,2017,1,22,20,283,213,25,8.3,0.107,0.231,0.174,0.64,0.058,2022-23
1629633,Jarrett Culver,1610612737,ATL,23.0,6-6,78,195,Texas Tech,USA,2019,1,6,7,35,32,5,1.7,0.059,0.219,0.14,0.502,0.05,2022-23
1630554,Jason Preston,1610612746,LAC,23.0,6-3,75,181,Ohio,USA,2021,2,33,4,14,3,5,-19.7,0.029,0.095,0.213,0.504,0.294,2022-23
1629750,Javonte Green,1610612741,CHI,29.0,6-5,77,205,Radford,USA,Undrafted,Undrafted,Undrafted,23,134,71,18,6.6,0.06,0.127,0.132,0.653,0.063,2022-23
1629637,Jaxson Hayes,1610612740,NOP,22.0,7-0,84,220,Texas,USA,2019,1,8,9,10,16,5,-9.7,0.038,0.186,0.132,0.262,0.104,2022-23
1627759,Jaylen Brown,1610612738,BOS,26.0,6-6,78,223,California,USA,2016,1,3,25,671,179,90,7.2,0.031,0.166,0.307,0.602,0.168,2022-23
1629669,Jaylen Nowell,1610612750,MIN,23.0,6-4,76,201,Washington,USA,2019,2,43,26,293,73,56,0.8,0.037,0.104,0.249,0.52,0.181,2022-23
1631119,Jaylin Williams,1610612760,OKC,20.0,6-9,81,240,Arkansas,USA,2022,2,34,6,14,12,5,8.1,0.1,0.154,0.146,0.421,0.152,2022-23
1628369,Jayson Tatum,1610612738,BOS,24.0,6-8,80,210,Duke,USA,2017,1,3,26,781,211,105,11.8,0.031,0.182,0.317,0.613,0.174,2022-23
1630288,Jeff Dowtin Jr.,1610612761,TOR,25.0,6-3,75,177,Rhode Island,USA,Undrafted,Undrafted,Undrafted,9,20,10,8,2.3,0.05,0.088,0.112,0.542,0.157,2022-23
201145,Jeff Green,1610612743,DEN,36.0,6-8,80,235,Georgetown,USA,2007,1,5,19,142,49,24,-4.0,0.038,0.09,0.154,0.607,0.094,2022-23
203924,Jerami Grant,1610612757,POR,28.0,6-8,80,210,Syracuse,USA,2014,2,39,25,563,105,69,0.6,0.025,0.093,0.241,0.611,0.119,2022-23
1630526,Jeremiah Robinson-Earl,1610612760,OKC,22.0,6-8,80,240,Villanova,USA,2021,2,32,25,215,127,24,-2.7,0.087,0.141,0.15,0.589,0.06,2022-23
1631110,Jeremy Sochan,1610612759,SAS,19.0,6-8,80,230,Baylor,Poland,2022,1,9,20,161,81,40,-9.8,0.049,0.124,0.157,0.507,0.108,2022-23
1630579,Jericho Sims,1610612752,NYK,24.0,6-10,82,250,Texas,USA,2021,2,58,19,78,84,8,-5.9,0.135,0.18,0.094,0.774,0.05,2022-23
1628975,Jevon Carter,1610612749,MIL,27.0,6-1,73,200,West Virginia,USA,2018,2,32,26,212,71,88,4.8,0.024,0.071,0.136,0.554,0.178,2022-23
202710,Jimmy Butler,1610612748,MIA,33.0,6-7,79,230,Marquette,USA,2011,1,30,17,371,114,102,1.6,0.061,0.144,0.234,0.636,0.269,2022-23
1629111,Jock Landale,1610612756,PHX,27.0,6-11,83,255,St. Mary's,Australia,Undrafted,Undrafted,Undrafted,24,151,86,18,11.6,0.114,0.163,0.191,0.591,0.084,2022-23
203925,Joe Harris,1610612751,BKN,31.0,6-6,78,220,Virginia,USA,2014,2,33,25,215,78,43,1.6,0.02,0.093,0.139,0.547,0.088,2022-23
203954,Joel Embiid,1610612755,PHI,28.0,7-0,84,280,Kansas,Cameroon,2014,1,3,18,601,177,87,7.4,0.057,0.222,0.374,0.642,0.27,2022-23
1631219,John Butler Jr.,1610612757,POR,20.0,7-0,84,190,Florida State,USA,Undrafted,Undrafted,Undrafted,4,2,2,1,22.3,0.067,0.059,0.083,0.333,0.111,2022-23
1628381,John Collins,1610612737,ATL,25.0,6-9,81,226,Wake Forest,USA,2017,1,19,22,271,164,28,2.0,0.035,0.196,0.158,0.568,0.054,2022-23
1629723,John Konchar,1610612763,MEM,26.0,6-5,77,210,Indiana-Purdue Fort Wayne,USA,Undrafted,Undrafted,Undrafted,24,202,150,33,6.3,0.042,0.163,0.111,0.596,0.063,2022-23
202322,John Wall,1610612746,LAC,32.0,6-3,75,210,Kentucky,USA,2010,1,1,22,278,56,124,-4.8,0.014,0.093,0.277,0.513,0.404,2022-23
1631098,Johnny Davis,1610612764,WAS,20.0,6-4,76,195,Wisconsin,USA,2022,1,10,8,9,5,2,-40.0,0.02,0.114,0.123,0.365,0.077,2022-23
202685,Jonas Valanciunas,1610612740,NOP,30.0,6-11,83,265,None,Lithuania,2011,1,5,26,342,239,48,1.4,0.109,0.273,0.231,0.605,0.119,2022-23
1630228,Jonathan Kuminga,1610612744,GSW,20.0,6-7,79,225,None,DRC,2021,1,7,23,156,71,26,-10.5,0.051,0.127,0.18,0.564,0.109,2022-23
203903,Jordan Clarkson,1610612762,UTA,30.0,6-5,77,194,Missouri,USA,2014,2,46,28,555,108,136,5.6,0.035,0.08,0.266,0.544,0.217,2022-23
1630692,Jordan Goodwin,1610612764,WAS,24.0,6-3,75,200,St. Louis,USA,Undrafted,Undrafted,Undrafted,20,154,80,57,-0.9,0.056,0.116,0.144,0.588,0.188,2022-23
1631160,Jordan Hall,1610612759,SAS,20.0,6-7,79,215,St. Joseph's (PA),USA,Undrafted,Undrafted,Undrafted,9,28,12,11,-13.1,0.033,0.129,0.197,0.438,0.22,2022-23
1629162,Jordan McLaughlin,1610612750,MIN,26.0,6-0,72,185,Southern California,USA,Undrafted,Undrafted,Undrafted,18,73,30,65,14.2,0.026,0.069,0.118,0.522,0.266,2022-23
1629670,Jordan Nwora,1610612749,MIL,24.0,6-9,81,225,Louisville,USA,2020,2,45,22,148,76,23,-9.2,0.046,0.134,0.169,0.501,0.084,2022-23
1629673,Jordan Poole,1610612744,GSW,23.0,6-4,76,194,Michigan,USA,2019,1,28,27,480,58,124,-4.3,0.01,0.061,0.267,0.564,0.258,2022-23
1630648,Jordan Schakel,1610612764,WAS,24.0,6-6,78,200,San Diego State,USA,Undrafted,Undrafted,Undrafted,2,3,0,1,50.0,0.0,0.0,0.154,0.75,0.167,2022-23
1630631,Jose Alvarado,1610612740,NOP,24.0,6-0,72,179,Georgia Tech,USA,Undrafted,Undrafted,Undrafted,26,253,57,83,13.9,0.02,0.085,0.192,0.591,0.202,2022-23
1630528,Josh Christopher,1610612745,HOU,21.0,6-4,76,215,Arizona State,USA,2021,1,24,18,52,20,11,-16.4,0.038,0.126,0.213,0.494,0.153,2022-23
1630581,Josh Giddey,1610612760,OKC,20.0,6-8,80,216,None,Australia,2021,1,6,23,338,182,125,-8.7,0.049,0.195,0.232,0.499,0.263,2022-23
1630182,Josh Green,1610612742,DAL,22.0,6-7,79,200,Arizona,Australia,2020,1,18,25,176,57,29,8.2,0.043,0.071,0.12,0.717,0.084,2022-23
1628404,Josh Hart,1610612757,POR,27.0,6-4,76,215,Villanova,USA,2017,1,30,24,234,200,100,2.5,0.057,0.183,0.125,0.572,0.162,2022-23
1631169,Josh Minott,1610612750,MIN,20.0,6-8,80,205,Memphis,USA,2022,2,45,1,4,3,1,105.5,0.5,0.125,0.167,1.064,0.5,2022-23
1629006,Josh Okogie,1610612756,PHX,24.0,6-4,76,213,Georgia Tech,Nigeria,2018,1,20,23,80,51,19,13.9,0.095,0.137,0.181,0.498,0.128,2022-23
1626196,Josh Richardson,1610612759,SAS,29.0,6-6,78,200,Tennessee,USA,2015,2,40,19,189,47,59,-7.9,0.02,0.086,0.196,0.526,0.186,2022-23
1630563,Joshua Primo,1610612759,SAS,19.0,6-6,78,189,Alabama,Canada,2021,1,12,4,28,13,18,1.7,0.019,0.113,0.173,0.467,0.237,2022-23
201950,Jrue Holiday,1610612749,MIL,32.0,6-5,77,205,UCLA,USA,2009,1,17,21,402,111,155,11.3,0.035,0.109,0.252,0.557,0.327,2022-23
1629308,Juan Toscano-Anderson,1610612747,LAL,29.0,6-6,78,209,Marquette,USA,Undrafted,Undrafted,Undrafted,14,31,25,8,-8.3,0.006,0.136,0.116,0.499,0.086,2022-23
1627823,Juancho Hernangomez,1610612761,TOR,27.0,6-9,81,214,None,Spain,2016,1,15,16,71,65,13,3.3,0.045,0.201,0.105,0.601,0.063,2022-23
1630577,Julian Champagnie,1610612755,PHI,21.0,6-7,79,217,St. John's,USA,Undrafted,Undrafted,Undrafted,2,0,0,0,-22.7,0.0,0.0,0.143,0.0,0.0,2022-23
203944,Julius Randle,1610612752,NYK,28.0,6-8,80,250,Kentucky,USA,2014,1,7,27,601,235,93,0.0,0.056,0.198,0.265,0.587,0.161,2022-23
1630551,Justin Champagnie,1610612761,TOR,21.0,6-6,78,206,Pittsburgh,USA,Undrafted,Undrafted,Undrafted,3,6,4,1,-3.7,0.1,0.429,0.13,1.0,0.125,2022-23
203200,Justin Holiday,1610612737,ATL,33.0,6-6,78,180,Washington,USA,Undrafted,Undrafted,Undrafted,21,107,19,17,-8.0,0.003,0.05,0.138,0.505,0.071,2022-23
1628382,Justin Jackson,1610612738,BOS,27.0,6-8,80,220,North Carolina,USA,2017,1,15,11,6,6,4,-43.2,0.0,0.1,0.1,0.231,0.111,2022-23
1626159,Justise Winslow,1610612757,POR,26.0,6-6,78,222,Duke,USA,2015,1,10,23,167,122,82,-3.3,0.061,0.127,0.143,0.463,0.183,2022-23
203994,Jusuf Nurkic,1610612757,POR,28.0,7-0,84,290,None,Bosnia and Herzegovina,2014,1,16,23,333,234,63,-1.4,0.096,0.254,0.213,0.594,0.141,2022-23
1629644,KZ Okpala,1610612758,SAC,23.0,6-8,80,215,Stanford,USA,2019,2,32,17,31,23,9,0.2,0.041,0.107,0.085,0.582,0.076,2022-23
1630539,Kai Jones,1610612766,CHA,21.0,6-11,83,221,Texas,Bahamas,2021,1,19,18,56,42,4,2.0,0.094,0.127,0.132,0.524,0.031,2022-23
1626157,Karl-Anthony Towns,1610612750,MIN,27.0,7-0,84,248,Kentucky,USA,2015,1,1,21,436,172,111,-0.9,0.05,0.178,0.244,0.625,0.235,2022-23
202695,Kawhi Leonard,1610612746,LAC,31.0,6-7,79,225,San Diego State,USA,2011,1,15,8,93,41,28,9.5,0.031,0.162,0.235,0.478,0.211,2022-23
1631099,Keegan Murray,1610612758,SAC,22.0,6-8,80,225,Iowa,USA,2022,1,4,23,276,95,19,2.6,0.032,0.112,0.175,0.564,0.04,2022-23
1628966,Keita Bates-Diop,1610612759,SAS,26.0,6-8,80,229,Ohio State,USA,2018,2,48,22,174,64,16,-15.8,0.064,0.099,0.168,0.599,0.06,2022-23
1629640,Keldon Johnson,1610612759,SAS,23.0,6-5,77,220,Kentucky,USA,2019,1,29,24,501,125,71,-10.3,0.028,0.135,0.282,0.519,0.143,2022-23
203482,Kelly Olynyk,1610612762,UTA,31.0,6-11,83,240,Gonzaga,Canada,2013,1,13,29,382,146,95,1.1,0.045,0.13,0.173,0.686,0.155,2022-23
1626162,Kelly Oubre Jr.,1610612766,CHA,27.0,6-6,78,203,Kansas,USA,2015,1,15,27,562,141,33,-7.4,0.044,0.115,0.259,0.531,0.06,2022-23
202689,Kemba Walker,1610612742,DAL,32.0,6-0,72,184,Connecticut,USA,2011,1,9,1,8,2,5,1.3,0.067,0.067,0.156,0.556,0.238,2022-23
1631112,Kendall Brown,1610612754,IND,19.0,6-7,79,205,Baylor,USA,2022,2,48,6,9,6,3,8.2,0.051,0.089,0.093,0.571,0.091,2022-23
1629134,Kendrick Nunn,1610612747,LAL,27.0,6-3,75,190,Oakland,USA,Undrafted,Undrafted,Undrafted,22,119,28,25,-4.5,0.003,0.08,0.223,0.445,0.131,2022-23
1631113,Kennedy Chandler,1610612763,MEM,20.0,5-11,71,170,Tennessee,USA,2022,2,38,10,29,14,21,-5.7,0.015,0.114,0.179,0.353,0.3,2022-23
1631254,Kenneth Lofton Jr.,1610612763,MEM,20.0,6-6,78,275,Louisiana Tech,USA,Undrafted,Undrafted,Undrafted,4,11,3,3,-32.8,0.037,0.125,0.28,0.413,0.3,2022-23
1629026,Kenrich Williams,1610612760,OKC,28.0,6-6,78,210,TCU,USA,Undrafted,Undrafted,Undrafted,21,138,80,29,-1.1,0.075,0.105,0.118,0.584,0.094,2022-23
203484,Kentavious Caldwell-Pope,1610612743,DEN,29.0,6-5,77,204,Georgia,USA,2013,1,8,25,275,75,53,7.1,0.017,0.086,0.137,0.615,0.082,2022-23
1630231,Kenyon Martin Jr.,1610612745,HOU,21.0,6-7,79,215,None,USA,2020,2,52,26,277,134,38,-3.1,0.06,0.144,0.161,0.615,0.094,2022-23
1631165,Keon Ellis,1610612758,SAC,22.0,6-3,75,175,Alabama,USA,Undrafted,Undrafted,Undrafted,2,0,1,0,33.3,0.0,0.333,0.0,0.0,0.0,2022-23
1630553,Keon Johnson,1610612757,POR,20.0,6-3,75,185,Tennessee,USA,2021,1,21,7,45,15,10,-5.0,0.026,0.109,0.238,0.463,0.149,2022-23
1630556,Kessler Edwards,1610612751,BKN,22.0,6-7,79,203,Pepperdine,USA,2021,2,44,13,15,14,2,5.0,0.076,0.119,0.138,0.328,0.03,2022-23
201142,Kevin Durant,1610612751,BKN,34.0,6-10,82,240,Texas,USA,2007,1,2,27,810,179,147,1.9,0.01,0.16,0.31,0.662,0.25,2022-23
1628989,Kevin Huerter,1610612758,SAC,24.0,6-7,79,198,Maryland,USA,2018,1,19,25,391,83,82,6.1,0.016,0.089,0.188,0.612,0.141,2022-23
1628995,Kevin Knox II,1610612765,DET,23.0,6-7,79,215,Kentucky,USA,2018,1,9,22,117,52,8,1.4,0.033,0.134,0.153,0.587,0.04,2022-23
201567,Kevin Love,1610612739,CLE,34.0,6-8,80,251,UCLA,USA,2008,1,5,19,190,135,43,9.2,0.034,0.313,0.196,0.602,0.16,2022-23
1629645,Kevin Porter Jr.,1610612745,HOU,22.0,6-4,76,203,Southern California,USA,2019,1,30,25,468,138,145,-7.4,0.038,0.119,0.251,0.527,0.266,2022-23
1630284,Kevon Harris,1610612753,ORL,25.0,6-6,78,216,Stephen F. Austin,USA,Undrafted,Undrafted,Undrafted,20,78,44,10,-3.6,0.077,0.098,0.148,0.517,0.06,2022-23
1626172,Kevon Looney,1610612744,GSW,26.0,6-9,81,222,UCLA,USA,2015,1,30,27,173,205,75,10.7,0.106,0.215,0.093,0.67,0.147,2022-23
203920,Khem Birch,1610612761,TOR,30.0,6-8,80,233,UNLV,Canada,Undrafted,Undrafted,Undrafted,15,37,16,5,2.9,0.061,0.087,0.119,0.68,0.065,2022-23
203114,Khris Middleton,1610612749,MIL,31.0,6-7,79,222,Texas A&M,USA,2012,2,39,5,55,12,23,-0.1,0.007,0.083,0.21,0.473,0.267,2022-23
1630165,Killian Hayes,1610612765,DET,21.0,6-5,77,195,None,France,2020,1,7,29,235,77,149,-12.8,0.016,0.097,0.186,0.444,0.319,2022-23
202691,Klay Thompson,1610612744,GSW,32.0,6-6,78,220,Washington State,USA,2011,1,11,22,416,78,54,7.2,0.018,0.092,0.251,0.543,0.106,2022-23
204001,Kristaps Porzingis,1610612764,WAS,27.0,7-3,87,240,None,Latvia,2015,1,4,26,589,236,69,1.2,0.065,0.202,0.277,0.599,0.125,2022-23
203937,Kyle Anderson,1610612750,MIN,29.0,6-9,81,230,UCLA,USA,2014,1,30,21,152,91,70,4.5,0.029,0.156,0.132,0.615,0.174,2022-23
1628398,Kyle Kuzma,1610612764,WAS,27.0,6-9,81,221,Utah,USA,2017,1,27,26,556,200,93,1.4,0.03,0.177,0.267,0.558,0.161,2022-23
200768,Kyle Lowry,1610612748,MIA,36.0,6-0,72,196,Villanova,USA,2006,1,24,26,371,127,158,-0.9,0.021,0.118,0.177,0.576,0.244,2022-23
202681,Kyrie Irving,1610612751,BKN,30.0,6-2,74,195,Duke,Australia,2011,1,1,19,481,90,86,2.2,0.026,0.098,0.285,0.59,0.197,2022-23
1630163,LaMelo Ball,1610612766,CHA,21.0,6-7,79,180,None,USA,2020,1,3,3,58,11,21,-12.9,0.0,0.116,0.277,0.525,0.309,2022-23
1630205,Lamar Stevens,1610612739,CLE,25.0,6-6,78,230,Penn State,USA,Undrafted,Undrafted,Undrafted,14,100,53,6,2.1,0.036,0.142,0.139,0.547,0.025,2022-23
1629013,Landry Shamet,1610612756,PHX,25.0,6-4,76,190,Wichita State,USA,2018,1,26,18,122,15,24,9.1,0.013,0.04,0.169,0.593,0.119,2022-23
1626204,Larry Nance Jr.,1610612740,NOP,29.0,6-8,80,245,Wyoming,USA,2015,1,27,24,227,135,46,11.6,0.08,0.173,0.139,0.711,0.113,2022-23
1628374,Lauri Markkanen,1610612762,UTA,25.0,7-0,84,240,Arizona,Finland,2017,1,7,26,578,222,58,5.7,0.064,0.18,0.233,0.654,0.101,2022-23
2544,LeBron James,1610612747,LAL,37.0,6-9,81,250,None,USA,2003,1,1,19,497,163,120,-2.9,0.04,0.189,0.305,0.549,0.293,2022-23
1630195,Leandro Bolmaro,1610612762,UTA,22.0,6-6,78,200,None,Argentina,2020,1,23,5,4,2,6,22.4,0.025,0.019,0.115,0.25,0.171,2022-23
1630322,Lindy Waters III,1610612760,OKC,25.0,6-6,78,210,Oklahoma State,USA,Undrafted,Undrafted,Undrafted,5,23,10,2,22.0,0.027,0.107,0.131,0.5,0.032,2022-23
1629022,Lonnie Walker IV,1610612747,LAL,23.0,6-4,76,204,Miami,USA,2018,1,18,23,369,53,36,-2.7,0.01,0.06,0.197,0.592,0.074,2022-23
1629652,Luguentz Dort,1610612760,OKC,23.0,6-4,76,220,Arizona State,Canada,Undrafted,Undrafted,Undrafted,25,347,112,57,-1.4,0.048,0.092,0.2,0.512,0.102,2022-23
1629029,Luka Doncic,1610612742,DAL,23.0,6-7,79,230,None,Slovenia,2018,1,3,24,789,203,211,5.1,0.023,0.22,0.37,0.605,0.448,2022-23
1630568,Luka Garza,1610612750,MIN,23.0,6-10,82,243,Iowa,USA,2021,2,52,2,4,1,0,-101.5,0.167,0.0,0.286,0.515,0.0,2022-23
1628379,Luke Kennard,1610612746,LAC,26.0,6-5,77,206,Duke,USA,2017,1,12,17,134,49,17,5.8,0.012,0.111,0.144,0.662,0.064,2022-23
1628436,Luke Kornet,1610612738,BOS,27.0,7-2,86,250,Vanderbilt,USA,Undrafted,Undrafted,Undrafted,22,105,77,18,5.7,0.089,0.152,0.114,0.76,0.09,2022-23
1630201,Malachi Flynn,1610612761,TOR,24.0,6-1,73,175,San Diego State,USA,2020,1,29,16,92,19,18,-6.8,0.015,0.11,0.203,0.583,0.148,2022-23
1631103,Malaki Branham,1610612759,SAS,19.0,6-4,76,180,Ohio State,USA,2022,1,20,13,65,22,22,-11.7,0.012,0.084,0.16,0.415,0.129,2022-23
1627763,Malcolm Brogdon,1610612738,BOS,30.0,6-4,76,229,Virginia,USA,2016,2,36,22,310,91,83,7.8,0.044,0.139,0.238,0.642,0.249,2022-23
1630792,Malcolm Hill,1610612741,CHI,27.0,6-6,78,220,Illinois,USA,Undrafted,Undrafted,Undrafted,3,0,1,0,-50.0,0.0,0.333,0.0,0.0,0.0,2022-23
1627736,Malik Beasley,1610612762,UTA,26.0,6-4,76,187,Florida State,USA,2016,1,19,29,405,112,45,-0.7,0.02,0.118,0.199,0.569,0.082,2022-23
1628370,Malik Monk,1610612758,SAC,24.0,6-3,75,200,Kentucky,USA,2017,1,11,25,361,57,96,-2.4,0.018,0.084,0.258,0.588,0.27,2022-23
1629603,Mamadi Diakite,1610612739,CLE,25.0,6-9,81,228,Virginia,Guinea,Undrafted,Undrafted,Undrafted,11,24,11,2,9.9,0.043,0.1,0.147,0.571,0.038,2022-23
1630699,MarJon Beauchamp,1610612749,MIL,22.0,6-7,79,199,None,USA,2022,1,24,15,79,44,6,-5.2,0.053,0.128,0.171,0.479,0.038,2022-23
202694,Marcus Morris Sr.,1610612746,LAC,33.0,6-8,80,218,Kansas,USA,2011,1,14,25,343,122,46,-1.8,0.015,0.146,0.192,0.553,0.092,2022-23
203935,Marcus Smart,1610612738,BOS,28.0,6-4,76,220,Oklahoma State,USA,2014,1,6,24,283,77,179,8.6,0.015,0.082,0.17,0.567,0.293,2022-23
1631109,Mark Williams,1610612766,CHA,20.0,7-0,84,240,Duke,USA,2022,1,15,3,11,8,0,5.1,0.364,0.308,0.294,0.661,0.0,2022-23
1628365,Markelle Fultz,1610612753,ORL,24.0,6-4,76,209,Washington,USA,2017,1,1,7,68,19,29,-8.5,0.032,0.08,0.213,0.513,0.264,2022-23
202693,Markieff Morris,1610612751,BKN,33.0,6-9,81,245,Kansas,USA,2011,1,13,16,66,41,17,9.1,0.044,0.156,0.14,0.593,0.112,2022-23
1630250,Marko Simonovic,1610612741,CHI,23.0,7-0,84,220,None,Montenegro,2020,2,44,1,0,0,0,-200.0,0.0,0.0,0.25,0.0,0.0,2022-23
1628963,Marvin Bagley III,1610612765,DET,23.0,6-10,82,235,Duke,USA,2018,1,2,16,183,101,10,-12.7,0.094,0.183,0.195,0.594,0.043,2022-23
203486,Mason Plumlee,1610612766,CHA,32.0,7-0,84,254,Duke,USA,2013,1,22,27,257,251,111,-7.9,0.102,0.234,0.146,0.601,0.205,2022-23
1629680,Matisse Thybulle,1610612755,PHI,25.0,6-5,77,201,Washington,USA,2019,1,20,22,39,26,9,8.5,0.028,0.074,0.087,0.412,0.045,2022-23
1630346,Matt Ryan,1610612750,MIN,25.0,6-6,78,215,Tennessee-Chattanooga,USA,Undrafted,Undrafted,Undrafted,12,47,14,4,-1.4,0.015,0.084,0.172,0.459,0.045,2022-23
203521,Matthew Dellavedova,1610612758,SAC,32.0,6-3,75,200,St. Mary's,Australia,Undrafted,Undrafted,Undrafted,12,18,5,19,-7.2,0.012,0.043,0.129,0.403,0.292,2022-23
1631108,Max Christie,1610612747,LAL,19.0,6-5,77,190,Michigan State,USA,2022,2,35,11,33,25,5,2.2,0.007,0.173,0.105,0.554,0.055,2022-23
1629622,Max Strus,1610612748,MIA,26.0,6-5,77,215,DePaul,USA,Undrafted,Undrafted,Undrafted,25,346,86,42,-3.9,0.017,0.089,0.18,0.557,0.082,2022-23
1628467,Maxi Kleber,1610612742,DAL,30.0,6-10,82,240,None,Germany,Undrafted,Undrafted,Undrafted,21,129,71,21,1.7,0.033,0.104,0.097,0.619,0.057,2022-23
1630593,McKinley Wright IV,1610612742,DAL,24.0,5-11,71,192,Colorado,USA,Undrafted,Undrafted,Undrafted,1,2,2,2,27.3,0.2,0.2,0.286,0.25,0.5,2022-23
1629662,Mfiondu Kabengele,1610612738,BOS,25.0,6-10,82,250,Florida State,Canada,2019,1,27,1,2,4,0,-7.1,0.273,0.111,0.1,0.5,0.0,2022-23
1630695,Micah Potter,1610612762,UTA,24.0,6-8,80,248,Wisconsin,USA,Undrafted,Undrafted,Undrafted,2,4,3,1,30.8,0.083,0.118,0.069,1.0,0.125,2022-23
1630701,Michael Foster Jr.,1610612755,PHI,19.0,6-8,80,250,None,USA,Undrafted,Undrafted,Undrafted,1,0,0,0,-100.0,0.0,0.0,0.0,0.0,0.0,2022-23
1629008,Michael Porter Jr.,1610612743,DEN,24.0,6-10,82,218,Missouri,USA,2018,1,14,16,263,96,20,4.6,0.042,0.161,0.211,0.6,0.059,2022-23
1628969,Mikal Bridges,1610612756,PHX,26.0,6-6,78,209,Villanova,USA,2018,1,10,27,426,138,86,5.8,0.034,0.107,0.167,0.597,0.115,2022-23
201144,Mike Conley,1610612762,UTA,35.0,6-1,73,175,Ohio State,USA,2007,1,4,18,191,42,140,0.0,0.013,0.07,0.158,0.546,0.36,2022-23
203488,Mike Muscala,1610612760,OKC,31.0,6-11,83,240,Bucknell,USA,2013,2,44,17,92,55,15,7.6,0.037,0.192,0.16,0.582,0.091,2022-23
1630540,Miles McBride,1610612752,NYK,22.0,6-2,74,195,West Virginia,USA,2021,2,36,15,39,9,24,10.6,0.018,0.034,0.144,0.402,0.245,2022-23
1629011,Mitchell Robinson,1610612752,NYK,24.0,7-0,84,240,Western Kentucky,USA,2018,2,36,19,139,154,14,4.8,0.163,0.154,0.104,0.698,0.042,2022-23
1628964,Mo Bamba,1610612753,ORL,24.0,7-0,84,231,Texas,USA,2018,1,6,22,184,112,25,-0.5,0.063,0.191,0.177,0.61,0.092,2022-23
1628420,Monte Morris,1610612764,WAS,27.0,6-2,74,183,Iowa State,USA,2017,2,51,23,216,81,119,2.2,0.015,0.111,0.151,0.538,0.239,2022-23
1626149,Montrezl Harrell,1610612755,PHI,28.0,6-7,79,240,Louisville,USA,2015,2,32,22,112,63,14,1.5,0.089,0.15,0.171,0.615,0.08,2022-23
1629021,Moritz Wagner,1610612753,ORL,25.0,6-11,83,245,Michigan,Germany,2018,1,25,10,107,67,24,-8.6,0.075,0.199,0.194,0.556,0.154,2022-23
1629650,Moses Brown,1610612746,LAC,23.0,7-2,86,245,UCLA,USA,Undrafted,Undrafted,Undrafted,20,83,56,1,4.2,0.155,0.237,0.217,0.63,0.013,2022-23
1630541,Moses Moody,1610612744,GSW,20.0,6-5,77,211,Arkansas,USA,2021,1,14,22,108,41,12,-6.2,0.021,0.096,0.145,0.583,0.055,2022-23
1631217,Moussa Diabate,1610612746,LAC,20.0,6-10,82,210,Michigan,France,2022,2,43,5,21,19,1,15.1,0.149,0.17,0.117,0.723,0.024,2022-23
1626167,Myles Turner,1610612754,IND,26.0,6-11,83,250,Texas,USA,2015,1,11,21,369,162,29,-0.3,0.05,0.212,0.214,0.668,0.072,2022-23
1630230,Naji Marshall,1610612740,NOP,24.0,6-7,79,220,Xavier,USA,Undrafted,Undrafted,Undrafted,24,191,74,55,4.2,0.036,0.104,0.15,0.568,0.141,2022-23
1629642,Nassir Little,1610612757,POR,22.0,6-5,77,220,North Carolina,USA,2019,1,25,21,116,50,18,-3.9,0.023,0.134,0.151,0.579,0.085,2022-23
1630233,Nathan Knight,1610612750,MIN,25.0,6-8,80,253,William & Mary,USA,Undrafted,Undrafted,Undrafted,9,5,6,0,-26.3,0.0,0.2,0.121,0.481,0.0,2022-23
1629675,Naz Reid,1610612750,MIN,23.0,6-9,81,264,Louisiana State,USA,Undrafted,Undrafted,Undrafted,20,168,73,14,-4.2,0.056,0.178,0.227,0.588,0.079,2022-23
203457,Nerlens Noel,1610612765,DET,28.0,6-10,82,220,Kentucky,USA,2013,1,6,6,11,19,3,-5.3,0.043,0.267,0.12,0.373,0.064,2022-23
1629651,Nic Claxton,1610612751,BKN,23.0,6-11,83,215,Georgia,USA,2019,2,31,25,296,218,31,1.5,0.104,0.203,0.16,0.691,0.064,2022-23
1630208,Nick Richards,1610612766,CHA,25.0,7-0,84,245,Kentucky,Jamaica,2020,2,42,27,243,174,16,-7.4,0.137,0.172,0.164,0.653,0.049,2022-23
1629638,Nickeil Alexander-Walker,1610612762,UTA,24.0,6-5,77,205,Virginia Tech,Canada,2019,1,17,18,110,28,32,-2.6,0.02,0.091,0.188,0.595,0.182,2022-23
201587,Nicolas Batum,1610612746,LAC,33.0,6-8,80,230,None,France,2008,1,25,28,155,115,40,3.7,0.043,0.144,0.111,0.579,0.099,2022-23
203999,Nikola Jokic,1610612743,DEN,27.0,6-11,83,284,None,Serbia,2014,2,41,23,547,232,209,10.5,0.066,0.268,0.269,0.69,0.396,2022-23
1631107,Nikola Jovic,1610612748,MIA,19.0,6-10,82,205,None,Serbia,2022,1,27,11,70,27,10,-8.0,0.045,0.124,0.189,0.535,0.098,2022-23
202696,Nikola Vucevic,1610612741,CHI,32.0,6-10,82,260,Southern California,Montenegro,2011,1,16,26,421,279,73,-0.5,0.071,0.274,0.209,0.589,0.13,2022-23
203943,Noah Vonleh,1610612738,BOS,27.0,6-10,82,257,Indiana,USA,2014,1,9,18,25,44,6,-3.2,0.116,0.184,0.1,0.502,0.049,2022-23
1626181,Norman Powell,1610612746,LAC,29.0,6-4,76,215,UCLA,USA,2015,2,46,22,326,64,33,-7.4,0.016,0.09,0.243,0.578,0.105,2022-23
1628384,O.G. Anunoby,1610612761,TOR,25.0,6-7,79,232,Indiana,United Kingdom,2017,1,23,26,493,152,55,3.3,0.036,0.131,0.216,0.571,0.088,2022-23
1630167,Obi Toppin,1610612752,NYK,24.0,6-9,81,220,Dayton,USA,2020,1,8,25,192,94,26,1.0,0.03,0.154,0.187,0.538,0.092,2022-23
1630534,Ochai Agbaji,1610612762,UTA,22.0,6-5,77,215,Kansas,USA,2022,1,14,11,36,15,1,0.1,0.053,0.074,0.133,0.528,0.013,2022-23
1630168,Onyeka Okongwu,1610612737,ATL,22.0,6-9,81,240,Southern California,USA,2020,1,6,26,207,161,25,-3.3,0.103,0.194,0.143,0.672,0.068,2022-23
1631115,Orlando Robinson,1610612748,MIA,22.0,6-10,82,235,Fresno State,USA,Undrafted,Undrafted,Undrafted,2,14,9,1,2.5,0.045,0.179,0.167,0.489,0.048,2022-23
1629052,Oshae Brissett,1610612754,IND,24.0,6-7,79,210,Syracuse,Canada,Undrafted,Undrafted,Undrafted,22,137,70,11,1.6,0.046,0.147,0.138,0.608,0.046,2022-23
203490,Otto Porter Jr.,1610612761,TOR,29.0,6-8,80,198,Georgetown,USA,2013,1,3,8,44,19,8,-5.0,0.038,0.096,0.104,0.656,0.078,2022-23
1631172,Ousmane Dieng,1610612760,OKC,19.0,6-9,81,185,None,France,2022,1,11,14,61,40,20,3.4,0.023,0.14,0.124,0.502,0.12,2022-23
200782,P.J. Tucker,1610612755,PHI,37.0,6-5,77,245,Texas,USA,2006,2,35,26,89,111,26,4.6,0.047,0.109,0.063,0.543,0.044,2022-23
1629023,P.J. Washington,1610612766,CHA,24.0,6-7,79,230,Kentucky,USA,2019,1,12,27,407,127,65,-10.9,0.029,0.116,0.21,0.513,0.115,2022-23
1631094,Paolo Banchero,1610612753,ORL,20.0,6-10,82,250,Duke,USA,2022,1,1,21,457,145,79,-7.2,0.041,0.159,0.279,0.555,0.183,2022-23
1627783,Pascal Siakam,1610612761,TOR,28.0,6-8,80,230,New Mexico State,Cameroon,2016,1,27,17,423,149,120,7.4,0.049,0.212,0.295,0.575,0.334,2022-23
1626192,Pat Connaughton,1610612749,MIL,29.0,6-5,77,209,Notre Dame,USA,2015,2,41,10,68,37,7,10.9,0.043,0.126,0.175,0.414,0.047,2022-23
1631116,Patrick Baldwin Jr.,1610612744,GSW,20.0,6-9,81,220,Wisconsin-Milwaukee,USA,2022,1,28,4,10,6,0,-86.6,0.0,0.333,0.2,0.5,0.0,2022-23
201976,Patrick Beverley,1610612747,LAL,34.0,6-2,74,180,Arkansas,USA,2009,2,42,20,90,76,51,-0.5,0.021,0.113,0.096,0.429,0.12,2022-23
1630172,Patrick Williams,1610612741,CHI,21.0,6-7,79,215,Florida State,USA,2020,1,4,26,245,105,23,-5.0,0.043,0.113,0.157,0.578,0.048,2022-23
201988,Patty Mills,1610612751,BKN,34.0,6-0,72,180,St. Mary's,Australia,2009,2,55,21,115,22,27,-4.7,0.019,0.063,0.172,0.597,0.151,2022-23
202331,Paul George,1610612746,LAC,32.0,6-8,80,220,Fresno State,USA,2010,1,10,20,473,121,94,5.3,0.021,0.153,0.305,0.586,0.23,2022-23
1630194,Paul Reed,1610612755,PHI,23.0,6-9,81,210,DePaul,USA,2020,2,58,23,72,84,12,-5.0,0.11,0.213,0.125,0.587,0.069,2022-23
1630202,Payton Pritchard,1610612738,BOS,24.0,6-1,73,195,Oregon,USA,2020,1,26,16,85,25,18,-1.8,0.052,0.08,0.214,0.529,0.153,2022-23
1631212,Peyton Watson,1610612743,DEN,20.0,6-7,79,200,UCLA,USA,2022,1,30,6,6,3,0,-60.8,0.083,0.1,0.231,0.333,0.0,2022-23
1630173,Precious Achiuwa,1610612761,TOR,23.0,6-8,80,225,Memphis,Nigeria,2020,1,20,12,105,84,16,-2.2,0.087,0.261,0.204,0.493,0.102,2022-23
1629656,Quentin Grimes,1610612752,NYK,22.0,6-5,77,210,Houston,USA,2021,1,25,17,120,55,29,5.2,0.033,0.098,0.125,0.578,0.098,2022-23
1630181,R.J. Hampton,1610612753,ORL,21.0,6-4,76,175,None,USA,2020,1,24,21,136,34,32,-6.9,0.027,0.075,0.174,0.573,0.153,2022-23
1629628,RJ Barrett,1610612752,NYK,22.0,6-6,78,214,Duke,Canada,2019,1,3,27,509,152,81,-0.5,0.023,0.13,0.249,0.514,0.131,2022-23
203526,Raul Neto,1610612739,CLE,30.0,6-2,74,180,None,Brazil,2013,2,47,18,53,15,22,2.6,0.012,0.074,0.138,0.573,0.198,2022-23
203493,Reggie Bullock,1610612742,DAL,31.0,6-6,78,205,North Carolina,USA,2013,1,25,25,115,75,23,-0.2,0.015,0.105,0.091,0.447,0.047,2022-23
202704,Reggie Jackson,1610612746,LAC,32.0,6-2,74,208,Boston College,USA,2011,1,24,27,342,71,114,-2.7,0.017,0.068,0.214,0.518,0.221,2022-23
1626158,Richaun Holmes,1610612758,SAC,29.0,6-8,80,235,Bowling Green,USA,2015,2,37,13,39,25,0,-13.2,0.063,0.137,0.108,0.705,0.0,2022-23
203496,Robert Covington,1610612746,LAC,31.0,6-7,79,209,Tennessee State,USA,Undrafted,Undrafted,Undrafted,17,96,61,20,-6.8,0.018,0.182,0.154,0.558,0.118,2022-23
201577,Robin Lopez,1610612739,CLE,34.0,7-0,84,281,Stanford,USA,2008,1,15,19,63,28,9,-3.8,0.09,0.067,0.14,0.681,0.078,2022-23
203585,Rodney McGruder,1610612765,DET,31.0,6-4,76,205,Kansas State,USA,Undrafted,Undrafted,Undrafted,9,17,16,7,8.4,0.065,0.122,0.134,0.358,0.103,2022-23
1629641,Romeo Langford,1610612759,SAS,23.0,6-5,77,216,Indiana,USA,2019,1,14,15,102,45,14,-12.4,0.074,0.069,0.142,0.559,0.067,2022-23
1631199,Ron Harper Jr.,1610612761,TOR,22.0,6-5,77,245,Rutgers,USA,Undrafted,Undrafted,Undrafted,2,6,1,0,25.2,0.0,0.125,0.222,0.75,0.0,2022-23
1626220,Royce O'Neale,1610612751,BKN,29.0,6-6,78,226,Baylor,USA,Undrafted,Undrafted,Undrafted,27,251,145,126,1.2,0.029,0.114,0.134,0.519,0.169,2022-23
200752,Rudy Gay,1610612762,UTA,36.0,6-8,80,250,Connecticut,USA,2006,1,8,15,71,51,12,11.7,0.035,0.158,0.16,0.425,0.068,2022-23
203497,Rudy Gobert,1610612750,MIN,30.0,7-1,85,258,None,France,2013,1,27,24,339,283,21,0.4,0.118,0.248,0.158,0.689,0.041,2022-23
1629060,Rui Hachimura,1610612764,WAS,24.0,6-8,80,230,Gonzaga,Japan,2019,1,9,16,185,77,17,-10.4,0.031,0.164,0.215,0.542,0.076,2022-23
201566,Russell Westbrook,1610612747,LAL,34.0,6-3,75,200,UCLA,USA,2008,1,4,25,361,139,189,-3.8,0.039,0.148,0.265,0.488,0.371,2022-23
1627853,Ryan Arcidiacono,1610612752,NYK,28.0,6-3,75,195,Villanova,USA,Undrafted,Undrafted,Undrafted,6,0,2,2,18.4,0.0,0.105,0.093,0.0,0.167,2022-23
1631157,Ryan Rollins,1610612744,GSW,20.0,6-3,75,180,Toledo,USA,2022,2,44,7,15,7,3,-43.0,0.022,0.13,0.275,0.472,0.15,2022-23
1630240,Saben Lee,1610612755,PHI,23.0,6-2,74,183,Vanderbilt,USA,2020,2,38,2,6,0,2,13.8,0.0,0.0,0.304,0.75,0.333,2022-23
1630180,Saddiq Bey,1610612765,DET,23.0,6-7,79,215,Villanova,USA,2020,1,19,25,369,110,44,-3.9,0.032,0.11,0.204,0.546,0.089,2022-23
1630573,Sam Hauser,1610612738,BOS,25.0,6-7,79,217,Virginia,USA,Undrafted,Undrafted,Undrafted,27,187,68,19,13.9,0.026,0.116,0.134,0.693,0.058,2022-23
1630572,Sandro Mamukelashvili,1610612749,MIL,23.0,6-10,82,240,Seton Hall,Georgia,2021,2,54,12,31,23,3,-6.6,0.054,0.2,0.178,0.464,0.056,2022-23
1630583,Santi Aldama,1610612763,MEM,21.0,7-0,84,215,Loyola-Maryland,Spain,2021,1,30,25,245,145,34,4.2,0.056,0.166,0.146,0.58,0.073,2022-23
1630567,Scottie Barnes,1610612761,TOR,21.0,6-8,80,225,Florida State,USA,2021,1,4,24,334,168,110,1.4,0.051,0.168,0.199,0.51,0.202,2022-23
1630590,Scotty Pippen Jr.,1610612747,LAL,22.0,6-1,73,170,Vanderbilt,USA,Undrafted,Undrafted,Undrafted,2,3,2,0,15.8,0.091,0.083,0.217,0.399,0.0,2022-23
201586,Serge Ibaka,1610612749,MIL,33.0,6-11,83,235,None,Republic of the Congo,2008,1,24,14,60,40,4,-7.6,0.068,0.173,0.151,0.603,0.043,2022-23
203552,Seth Curry,1610612751,BKN,32.0,6-1,73,185,Duke,USA,Undrafted,Undrafted,Undrafted,17,165,40,42,5.5,0.011,0.086,0.174,0.604,0.147,2022-23
1631101,Shaedon Sharpe,1610612757,POR,19.0,6-5,77,200,Kentucky,Canada,2022,1,7,25,197,63,12,-4.9,0.039,0.086,0.174,0.532,0.038,2022-23
1628983,Shai Gilgeous-Alexander,1610612760,OKC,24.0,6-6,78,195,Kentucky,Canada,2018,1,11,24,738,110,142,-0.4,0.024,0.099,0.322,0.619,0.272,2022-23
1629003,Shake Milton,1610612755,PHI,26.0,6-5,77,205,Southern Methodist,USA,2018,2,54,22,252,74,78,3.0,0.032,0.106,0.203,0.603,0.231,2022-23
1631323,Simone Fontecchio,1610612762,UTA,27.0,6-7,79,209,None,Italy,Undrafted,Undrafted,Undrafted,16,76,21,7,-14.1,0.055,0.075,0.189,0.583,0.069,2022-23
203915,Spencer Dinwiddie,1610612742,DAL,29.0,6-5,77,215,Colorado,USA,2014,2,38,26,434,82,132,-2.6,0.013,0.098,0.223,0.597,0.269,2022-23
201939,Stephen Curry,1610612744,GSW,34.0,6-2,74,185,Davidson,USA,2009,1,7,24,721,158,169,8.9,0.016,0.163,0.296,0.667,0.295,2022-23
203500,Steven Adams,1610612763,MEM,29.0,6-11,83,265,Pittsburgh,New Zealand,2013,1,12,24,191,252,56,8.0,0.161,0.207,0.138,0.563,0.111,2022-23
1629004,Svi Mykhailiuk,1610612752,NYK,25.0,6-7,79,205,Kansas,Ukraine,2018,2,47,9,16,6,0,19.3,0.0,0.171,0.167,0.775,0.0,2022-23
204456,T.J. McConnell,1610612754,IND,30.0,6-1,73,190,Arizona,USA,2015,0,,24,133,56,99,-2.2,0.031,0.098,0.162,0.492,0.351,2022-23
203933,T.J. Warren,1610612751,BKN,29.0,6-8,80,220,North Carolina State,USA,2014,1,14,4,28,8,6,15.8,0.07,0.061,0.179,0.543,0.122,2022-23
201959,Taj Gibson,1610612764,WAS,37.0,6-9,81,232,Southern California,USA,2009,1,26,15,38,21,4,8.1,0.069,0.177,0.174,0.537,0.057,2022-23
1629659,Talen Horton-Tucker,1610612762,UTA,22.0,6-4,76,234,Iowa State,USA,2019,2,46,27,199,74,68,2.3,0.025,0.118,0.212,0.469,0.213,2022-23
1631106,Tari Eason,1610612745,HOU,21.0,6-8,80,215,Louisiana State,USA,2022,1,17,26,219,137,22,0.2,0.108,0.166,0.185,0.52,0.069,2022-23
1627752,Taurean Prince,1610612750,MIN,28.0,6-6,78,218,Baylor,USA,2016,1,12,18,142,45,21,3.3,0.017,0.1,0.155,0.63,0.079,2022-23
1629611,Terance Mann,1610612746,LAC,26.0,6-5,77,215,Florida State,USA,2019,2,48,27,223,97,49,-2.9,0.048,0.108,0.149,0.626,0.132,2022-23
1629056,Terence Davis,1610612758,SAC,25.0,6-4,76,201,Mississippi,USA,Undrafted,Undrafted,Undrafted,21,140,63,30,8.8,0.033,0.195,0.208,0.574,0.144,2022-23
203082,Terrence Ross,1610612753,ORL,31.0,6-7,79,206,Washington,USA,2012,1,8,25,206,52,31,-0.8,0.012,0.075,0.163,0.529,0.077,2022-23
1626179,Terry Rozier,1610612766,CHA,28.0,6-1,73,190,Louisville,USA,2015,1,16,19,422,92,108,-4.1,0.031,0.095,0.269,0.499,0.243,2022-23
1630678,Terry Taylor,1610612754,IND,23.0,6-4,76,230,Austin Peay,USA,Undrafted,Undrafted,Undrafted,16,28,22,6,-3.4,0.06,0.101,0.108,0.422,0.059,2022-23
201152,Thaddeus Young,1610612761,TOR,34.0,6-8,80,235,Georgia Tech,USA,2007,1,12,24,122,91,47,-5.1,0.093,0.142,0.125,0.575,0.164,2022-23
203648,Thanasis Antetokounmpo,1610612749,MIL,30.0,6-7,79,219,None,Greece,2014,2,51,12,2,11,2,-8.4,0.05,0.209,0.076,0.25,0.063,2022-23
1630177,Theo Maledon,1610612766,CHA,21.0,6-5,77,175,None,France,2020,2,34,25,142,60,61,-11.2,0.013,0.126,0.145,0.577,0.205,2022-23
1629033,Theo Pinson,1610612742,DAL,27.0,6-7,79,212,North Carolina,USA,Undrafted,Undrafted,Undrafted,8,4,6,2,-6.4,0.0,0.194,0.103,0.34,0.105,2022-23
1628418,Thomas Bryant,1610612747,LAL,25.0,6-10,82,248,Indiana,USA,2017,2,42,12,107,52,8,2.1,0.08,0.184,0.184,0.733,0.065,2022-23
203501,Tim Hardaway Jr.,1610612742,DAL,30.0,6-5,77,205,Michigan,USA,2013,1,24,25,326,64,45,5.3,0.011,0.093,0.227,0.527,0.107,2022-23
202699,Tobias Harris,1610612755,PHI,30.0,6-7,79,226,Tennessee,USA,2011,1,19,24,403,152,65,2.5,0.026,0.163,0.201,0.588,0.125,2022-23
1628396,Tony Bradley,1610612741,CHI,24.0,6-11,83,248,North Carolina,USA,2017,1,28,7,10,7,1,7.0,0.056,0.3,0.149,0.85,0.091,2022-23
1628470,Torrey Craig,1610612756,PHX,31.0,6-7,79,221,South Carolina Upstate,USA,Undrafted,Undrafted,Undrafted,24,199,119,35,-5.1,0.075,0.128,0.13,0.601,0.08,2022-23
1629027,Trae Young,1610612737,ATL,24.0,6-1,73,164,Oklahoma,USA,2018,1,5,25,678,70,241,0.0,0.019,0.056,0.329,0.538,0.407,2022-23
1630200,Tre Jones,1610612759,SAS,22.0,6-1,73,185,Duke,USA,2020,2,41,25,314,85,167,-6.2,0.022,0.091,0.189,0.516,0.296,2022-23
1630544,Tre Mann,1610612760,OKC,21.0,6-3,75,178,Florida,USA,2021,1,18,23,207,59,40,1.4,0.021,0.09,0.197,0.47,0.114,2022-23
1630570,Trendon Watford,1610612757,POR,22.0,6-8,80,237,Louisiana State,USA,Undrafted,Undrafted,Undrafted,17,88,67,27,-5.8,0.051,0.173,0.126,0.646,0.136,2022-23
1630235,Trent Forrest,1610612737,ATL,24.0,6-4,76,210,Florida State,USA,Undrafted,Undrafted,Undrafted,10,28,12,14,-1.3,0.033,0.068,0.094,0.576,0.149,2022-23
1630243,Trevelin Queen,1610612754,IND,25.0,6-6,78,190,New Mexico State,USA,Undrafted,Undrafted,Undrafted,2,0,3,2,2.7,0.045,0.111,0.133,0.0,0.118,2022-23
1631309,Trevor Hudgins,1610612745,HOU,23.0,6-0,72,180,Northwest Missouri State,USA,Undrafted,Undrafted,Undrafted,1,3,0,0,-33.3,0.0,0.0,0.167,1.5,0.0,2022-23
1631211,Trevor Keels,1610612752,NYK,19.0,6-4,76,221,Duke,USA,2022,2,42,1,0,1,0,-66.7,0.0,0.5,0.333,0.0,0.0,2022-23
1626168,Trey Lyles,1610612758,SAC,27.0,6-9,81,234,Kentucky,Canada,2015,1,12,20,120,54,14,1.4,0.072,0.133,0.19,0.545,0.07,2022-23
1630530,Trey Murphy III,1610612740,NOP,22.0,6-8,80,206,Virginia,USA,2021,1,17,24,309,106,35,2.7,0.038,0.113,0.155,0.639,0.07,2022-23
1628972,Troy Brown Jr.,1610612747,LAL,23.0,6-7,79,215,Oregon,USA,2018,1,15,23,163,101,20,-3.6,0.038,0.134,0.13,0.538,0.047,2022-23
1629660,Ty Jerome,1610612744,GSW,25.0,6-5,77,195,Virginia,USA,2019,1,24,12,61,12,21,-19.9,0.006,0.064,0.123,0.659,0.189,2022-23
1631102,TyTy Washington Jr.,1610612745,HOU,21.0,6-3,75,195,Kentucky,USA,2022,1,29,2,3,0,0,94.4,0.0,0.0,0.136,0.521,0.0,2022-23
1628416,Tyler Dorsey,1610612742,DAL,26.0,6-4,76,180,Oregon,USA,2017,2,41,1,9,2,0,10.0,0.2,0.2,0.308,1.125,0.0,2022-23
1629639,Tyler Herro,1610612748,MIA,22.0,6-5,77,195,Kentucky,USA,2019,1,13,19,382,126,80,-1.7,0.017,0.186,0.255,0.575,0.196,2022-23
1630169,Tyrese Haliburton,1610612754,IND,22.0,6-5,77,185,Iowa State,USA,2020,1,12,25,504,108,274,-1.0,0.02,0.107,0.231,0.614,0.499,2022-23
1631213,Tyrese Martin,1610612737,ATL,23.0,6-6,78,215,Connecticut,USA,2022,2,51,7,7,4,0,-1.9,0.091,0.105,0.128,0.583,0.0,2022-23
1630178,Tyrese Maxey,1610612755,PHI,22.0,6-2,74,200,Kentucky,USA,2020,1,21,15,343,52,66,3.3,0.012,0.085,0.269,0.569,0.204,2022-23
1626145,Tyus Jones,1610612763,MEM,26.0,6-2,74,196,Duke,USA,2015,1,24,26,263,59,120,-5.4,0.018,0.075,0.18,0.535,0.267,2022-23
1628962,Udoka Azubuike,1610612762,UTA,23.0,6-11,83,270,Kansas,Nigeria,2020,1,27,9,16,16,3,22.4,0.111,0.24,0.143,0.752,0.111,2022-23
2617,Udonis Haslem,1610612748,MIA,42.0,6-7,79,235,Florida,USA,Undrafted,Undrafted,Undrafted,4,3,4,0,-12.1,0.065,0.105,0.115,0.218,0.0,2022-23
1630586,Usman Garuba,1610612745,HOU,20.0,6-8,80,229,None,Spain,2021,1,23,24,87,114,23,-6.5,0.096,0.203,0.097,0.608,0.096,2022-23
1630176,Vernon Carey Jr.,1610612764,WAS,21.0,6-10,82,270,Duke,USA,2020,2,32,3,0,1,0,-133.3,0.0,0.5,0.214,0.0,0.0,2022-23
203506,Victor Oladipo,1610612748,MIA,30.0,6-3,75,213,Indiana,USA,2013,1,2,3,26,7,7,-13.8,0.0,0.115,0.204,0.488,0.171,2022-23
1631246,Vince Williams Jr.,1610612763,MEM,22.0,6-4,76,205,Virginia Commonwealth,USA,2022,2,47,6,7,5,2,-11.8,0.018,0.118,0.108,0.318,0.074,2022-23
1630249,Vit Krejci,1610612737,ATL,22.0,6-8,80,195,None,Czech Republic,2020,2,37,12,20,7,9,3.8,0.013,0.081,0.12,0.53,0.141,2022-23
1628427,Vlatko Cancar,1610612743,DEN,25.0,6-8,80,236,None,Slovenia,2017,2,49,17,80,29,17,-6.6,0.025,0.131,0.162,0.588,0.123,2022-23
1631117,Walker Kessler,1610612762,UTA,21.0,7-0,84,245,Auburn,USA,2022,1,22,26,159,148,15,4.4,0.124,0.19,0.116,0.739,0.049,2022-23
1628976,Wendell Carter Jr.,1610612753,ORL,23.0,6-10,82,270,Duke,USA,2018,1,7,15,249,136,49,0.7,0.07,0.193,0.208,0.624,0.154,2022-23
1631111,Wendell Moore Jr.,1610612750,MIN,21.0,6-5,77,215,Duke,USA,2022,1,26,9,18,7,3,-21.7,0.015,0.082,0.156,0.491,0.073,2022-23
1629117,Wenyen Gabriel,1610612747,LAL,25.0,6-9,81,205,Kentucky,South Sudan,Undrafted,Undrafted,Undrafted,20,102,73,13,2.2,0.098,0.155,0.134,0.665,0.065,2022-23
202083,Wesley Matthews,1610612749,MIL,36.0,6-5,77,220,Marquette,USA,Undrafted,Undrafted,Undrafted,18,57,34,10,0.8,0.05,0.066,0.101,0.456,0.05,2022-23
203115,Will Barton,1610612764,WAS,31.0,6-5,77,181,Memphis,USA,2012,2,40,25,183,77,62,-5.3,0.01,0.124,0.17,0.461,0.155,2022-23
1626195,Willy Hernangomez,1610612740,NOP,28.0,6-11,83,250,None,Spain,2015,2,35,11,52,40,5,2.8,0.138,0.234,0.223,0.582,0.074,2022-23
1630214,Xavier Tillman,1610612763,MEM,23.0,6-7,79,245,Michigan State,USA,2020,2,35,13,40,31,8,-11.7,0.09,0.127,0.137,0.522,0.095,2022-23
1629139,Yuta Watanabe,1610612751,BKN,28.0,6-8,80,215,George Washington,Japan,Undrafted,Undrafted,Undrafted,15,124,48,15,-2.2,0.059,0.114,0.141,0.74,0.085,2022-23
1628380,Zach Collins,1610612759,SAS,25.0,6-11,83,250,Gonzaga,USA,2017,1,10,16,137,88,43,-9.1,0.071,0.184,0.194,0.586,0.204,2022-23
203897,Zach LaVine,1610612741,CHI,27.0,6-5,77,200,UCLA,USA,2014,1,13,22,480,100,91,-2.5,0.02,0.114,0.275,0.552,0.189,2022-23
1630192,Zeke Nnaji,1610612743,DEN,21.0,6-9,81,240,Arizona,USA,2020,1,22,18,77,25,4,-17.1,0.086,0.047,0.165,0.637,0.039,2022-23
1630533,Ziaire Williams,1610612763,MEM,21.0,6-9,81,185,Stanford,USA,2021,1,10,2,6,10,3,5.2,0.029,0.191,0.169,0.25,0.115,2022-23
1629627,Zion Williamson,1610612740,NOP,22.0,6-6,78,284,Duke,USA,2019,1,1,21,524,152,89,12.1,0.062,0.153,0.273,0.653,0.206,2022-23
