"season_year","season_type","player_id","player_name","team_id","team_abbreviation","team_name","game_id","game_date","matchup","score_first_prob","score_first_2Q_prob","score_first_3Q_prob","score_first_4Q_prob","made_first_fgm","took_team_first_shot","made_team_first_fgm","made_first_basket","start_rollsum_100","took_team_first_shot_rollmean_10","took_team_first_shot_rollmean_25","took_team_first_shot_rollmean_50","took_team_first_shot_rollmean_100","made_team_first_basket_rollmean_10","made_team_first_basket_rollmean_25","made_team_first_basket_rollmean_50","made_team_first_basket_rollmean_100","made_first_fgm_rollmean_10","made_first_fgm_rollmean_25","made_first_fgm_rollmean_50","made_first_fgm_rollmean_100","start_rollmean_10","start_rollmean_25","start_rollmean_50","start_rollmean_100","fgpct_10","fgpct_25","fgpct_50","fgpct_100","usg_10","usg_25","usg_50","usg_100","team_took_team_first_shot_rollmean_10","team_took_team_first_shot_rollmean_25","team_took_team_first_shot_rollmean_50","team_took_team_first_shot_rollmean_100","team_made_team_first_basket_rollmean_10","team_made_team_first_basket_rollmean_25","team_made_team_first_basket_rollmean_50","team_made_team_first_basket_rollmean_100","team_made_team_first_fgm_rollmean_10","team_made_team_first_fgm_rollmean_25","team_made_team_first_fgm_rollmean_50","team_made_team_first_fgm_rollmean_100","team_start_rollmean_10","team_start_rollmean_25","team_start_rollmean_50","team_start_rollmean_100","team_fgpct_10","team_fgpct_25","team_fgpct_50","team_fgpct_100","team_usg_10","team_usg_25","team_usg_50","team_usg_100","made_team_first_basket","fpts_prob_glmnet","fpts_prob_earth","model"
"2022-23","Regular Season","200768","Kyle Lowry",1610612748,"MIA","Miami Heat","1111111111",2022-12-12,"ABC vs. XYZ",0.579522529396202,0.440143705081528,0.450110764552588,0.574041656179079,NA,NA,NA,NA,100,0,0.2,0.2,0.26,0.1,0.2,0.18,0.14,0,0.08,0.04,0.06,1,1,1,1,0.392523364485981,0.407407407407407,0.410204081632653,0.41980198019802,0.185496106803333,0.184039995077706,0.177550226863647,0.182541028066538,0.25,0.23,0.171904761904762,0.163264411027569,0.125,0.19,0.206666666666667,0.224298245614035,0.125,0.21,0.211666666666667,0.214912280701754,1,0.94,0.735,0.6675,0.507036208692835,0.489672110484025,0.493189054568648,0.492084123199979,0.234476134414219,0.233958560590922,0.230802829533251,0.237100568937894,NA,0.182697216246345,0.176953863392166,"all"
"2022-23","Regular Season","1629639","Tyler Herro",1610612748,"MIA","Miami Heat","1111111111",2022-12-12,"ABC vs. XYZ",0.579522529396202,0.440143705081528,0.450110764552588,0.574041656179079,NA,NA,NA,NA,29,0.2,0.2,0.14,0.175438596491228,0.1,0.12,0.16,0.210526315789474,0,0.04,0.06,0.087719298245614,1,0.76,0.38,0.29,0.430232558139535,0.441734417344173,0.451482479784367,0.443132380360472,0.264966403956345,0.265225406695846,0.266925753382207,0.279482033398184,0.2,0.23,0.186904761904762,0.184404761904762,0.125,0.21,0.211666666666667,0.206666666666667,0.125,0.22,0.206666666666667,0.196666666666667,1,1,0.89,0.845,0.497608910279446,0.481090357999833,0.48286945503072,0.486251523159366,0.214608560125966,0.213662207686387,0.208458947903611,0.212865317604983,NA,0.204130001471357,0.215107930870019,"all"
"2022-23","Regular Season","1628997","Caleb Martin",1610612748,"MIA","Miami Heat","1111111111",2022-12-12,"ABC vs. XYZ",0.579522529396202,0.440143705081528,0.450110764552588,0.574041656179079,NA,NA,NA,NA,38,0,0.08,0.0476190476190476,0.0476190476190476,0,0.16,0.166666666666667,0.166666666666667,0,0.04,0.0476190476190476,0.0476190476190476,1,1,0.56,0.38,0.509615384615385,0.480519480519481,0.455307262569832,0.481894150417827,0.154410488103135,0.14988356391656,0.159360835995084,0.161926603873758,0.25,0.26,0.21,0.216359649122807,0.15,0.2,0.21,0.217631578947369,0.15,0.21,0.205,0.203245614035088,1,0.94,0.845,0.8225,0.477763203660484,0.471394092206006,0.481913259334353,0.476561080645028,0.242247539089269,0.242497668381208,0.235350177250392,0.242254174986089,NA,0.174681507478235,0.160429589822368,"all"
"2022-23","Regular Season","202710","Jimmy Butler",1610612748,"MIA","Miami Heat","1111111111",2022-12-12,"ABC vs. XYZ",0.579522529396202,0.440143705081528,0.450110764552588,0.574041656179079,NA,NA,NA,NA,100,0.1,0.2,0.2,0.17,0,0.16,0.24,0.21,0,0.08,0.1,0.09,1,1,1,1,0.550724637681159,0.50379746835443,0.507096774193548,0.488095238095238,0.247593925867047,0.259646990405903,0.267011236905907,0.265050791909676,0.225,0.23,0.171904761904762,0.185764411027569,0.15,0.2,0.191666666666667,0.206798245614035,0.15,0.2,0.186666666666667,0.197412280701754,1,0.94,0.735,0.6675,0.46748589039404,0.465574595247269,0.468965881428424,0.475010808725675,0.218951679648291,0.215056811758873,0.208437577022687,0.216473127977109,NA,0.210736683516775,0.224862045706624,"all"
"2022-23","Regular Season","1628389","Bam Adebayo",1610612748,"MIA","Miami Heat","1111111111",2022-12-12,"ABC vs. XYZ",0.579522529396202,0.440143705081528,0.450110764552588,0.574041656179079,NA,NA,NA,NA,100,0.7,0.44,0.3,0.26,0.4,0.32,0.26,0.31,0.1,0.16,0.1,0.18,1,1,1,1,0.53757225433526,0.532637075718016,0.558869701726845,0.55521472392638,0.27093371973035,0.261078281345378,0.229913491849808,0.241942846569958,0.075,0.17,0.146904761904762,0.163264411027569,0.05,0.16,0.186666666666667,0.181798245614035,0.05,0.16,0.176666666666667,0.167412280701755,1,0.94,0.735,0.6675,0.470773986230515,0.458364693406373,0.4560226495451,0.458230937267889,0.213116731182465,0.214698989024004,0.217712013286711,0.222250114312039,NA,0.241661345225091,0.306709719881245,"all"
"2022-23","Regular Season","1630169","Tyrese Haliburton",1610612754,"IND","Indiana Pacers","1111111111",2022-12-12,"ABC vs. XYZ",0.420477470603798,0.559856294918472,0.549889235447412,0.425958343820921,NA,NA,NA,NA,100,0,0.04,0.04,0.04,0.1,0.12,0.08,0.09,0.1,0.04,0.04,0.04,1,1,1,1,0.480263157894737,0.488126649076517,0.491994177583697,0.477576711250983,0.236436007717464,0.236189587734253,0.21702686684836,0.201770729236512,0.15,0.166875,0.151875,0.126875,0.175,0.2125,0.1875,0.16,0.175,0.186875,0.171875,0.139375,0.875,0.767727272727273,0.717727272727273,0.585227272727273,0.480721337830907,0.455053810688191,0.454773222697485,0.441348295450731,0.185535237709104,0.18809804568369,0.180930207807658,0.179074119146684,NA,0.180862658967806,0.208591639646739,"all"
"2022-23","Regular Season","1629614","Andrew Nembhard",1610612754,"IND","Indiana Pacers","1111111111",2022-12-12,"ABC vs. XYZ",0.420477470603798,0.559856294918472,0.549889235447412,0.425958343820921,NA,NA,NA,NA,13,0,0,0,0,0,0,0,0,0,0,0,0,0.9,0.590909090909091,0.590909090909091,0.590909090909091,0.470588235294118,0.464516129032258,0.464516129032258,0.464516129032258,0.145399999131153,0.145124167330629,0.145124167330629,0.145124167330629,0.15,0.176875,0.161875,0.136875,0.2,0.2425,0.2075,0.1825,0.2,0.226875,0.196875,0.161875,0.9,0.87,0.82,0.6875,0.483140068481062,0.460956440699255,0.461642734835345,0.444613441005412,0.208294239855681,0.210864400784596,0.19890588268709,0.193235759623154,NA,0.149859576719336,0.138907763290027,"all"
"2022-23","Regular Season","1627741","Buddy Hield",1610612754,"IND","Indiana Pacers","1111111111",2022-12-12,"ABC vs. XYZ",0.420477470603798,0.559856294918472,0.549889235447412,0.425958343820921,NA,NA,NA,NA,59,0.2,0.16,0.18,0.13,0.3,0.24,0.18,0.14,0.1,0.08,0.1,0.05,1,1,1,0.59,0.458333333333333,0.435261707988981,0.439620081411126,0.413468501086169,0.219513312915582,0.226601461087618,0.222516845966444,0.222160977725237,0.1,0.136875,0.116875,0.104375,0.125,0.1825,0.1625,0.1475,0.125,0.166875,0.151875,0.126875,0.875,0.767727272727273,0.717727272727273,0.687727272727273,0.486203793971258,0.468270045960074,0.467866746740628,0.457375347991934,0.189765911409574,0.190495077345349,0.179557713028137,0.173976557024502,NA,0.190418273844256,0.211895928655292,"all"
"2022-23","Regular Season","1630174","Aaron Nesmith",1610612754,"IND","Indiana Pacers","1111111111",2022-12-12,"ABC vs. XYZ",0.420477470603798,0.559856294918472,0.549889235447412,0.425958343820921,NA,NA,NA,NA,16,0.2,0.1875,0.1875,0.1875,0.2,0.25,0.25,0.25,0.1,0.0625,0.0625,0.0625,0.6,0.48,0.28,0.16,0.422535211267606,0.391025641025641,0.395348837209302,0.379652605459057,0.16908788480023,0.166067776456492,0.165834058344783,0.167194778706323,0.1,0.13,0.115,0.09,0.15,0.18,0.145,0.12,0.15,0.18,0.15,0.115,0.975,0.897727272727273,0.897727272727273,0.795227272727273,0.49515332448769,0.479329062700909,0.478934557791084,0.465829321898713,0.202372268438412,0.205628498503131,0.193728409933552,0.187718106779231,NA,0.192902272163717,0.233691608210118,"all"
"2022-23","Regular Season","1626167","Myles Turner",1610612754,"IND","Indiana Pacers","1111111111",2022-12-12,"ABC vs. XYZ",0.420477470603798,0.559856294918472,0.549889235447412,0.425958343820921,NA,NA,NA,NA,100,0.2,0.32,0.24,0.19,0.2,0.36,0.32,0.25,0.1,0.2,0.18,0.12,1,1,1,1,0.571428571428571,0.529411764705882,0.519607843137255,0.50775594622544,0.20813975398945,0.214598777860022,0.190245759588774,0.181816552824546,0.1,0.096875,0.101875,0.089375,0.15,0.1525,0.1275,0.12,0.15,0.146875,0.116875,0.104375,0.875,0.767727272727273,0.717727272727273,0.585227272727273,0.457929984447448,0.444732531780849,0.447869806309096,0.433803486707117,0.192609301141107,0.193495748152248,0.187625484622554,0.184062663249675,NA,0.217041016743271,0.279547244568478,"all"
"2022-23","Regular Season","202681","Kyrie Irving",1610612751,"BKN","Brooklyn Nets","1111111111",2022-12-12,"ABC vs. XYZ",0.462236651860121,0.553023888964623,0.566354933042651,0.447778849582669,NA,NA,NA,NA,100,0.2,0.16,0.14,0.25,0.2,0.16,0.1,0.16,0.2,0.16,0.08,0.12,1,1,1,1,0.513227513227513,0.498938428874735,0.477919528949951,0.483258370814593,0.285202656789839,0.275465042905168,0.288173527088824,0.293778311391598,0.3,0.23,0.229444444444445,0.234444444444445,0.275,0.29,0.283333333333333,0.290833333333333,0.25,0.27,0.277222222222222,0.282222222222222,0.8,0.86,0.81,0.8275,0.622135254920984,0.577375042024818,0.568870044002596,0.563412796016513,0.192506620538634,0.192474111746241,0.194739113340116,0.204169153344111,NA,0.200511949791802,0.199280846046684,"all"
"2022-23","Regular Season","203925","Joe Harris",1610612751,"BKN","Brooklyn Nets","1111111111",2022-12-12,"ABC vs. XYZ",0.462236651860121,0.553023888964623,0.566354933042651,0.447778849582669,NA,NA,NA,NA,91,0.1,0.12,0.22,0.28,0.1,0.12,0.2,0.22,0.1,0.12,0.12,0.16,0.5,0.64,0.82,0.91,0.407894736842105,0.407407407407407,0.418823529411765,0.464592274678112,0.147770818544996,0.145087066163199,0.145692619339988,0.154754660885511,0.325,0.24,0.209444444444444,0.226944444444445,0.3,0.3,0.258333333333333,0.275833333333333,0.275,0.29,0.252222222222222,0.267222222222222,0.925,0.95,0.855,0.85,0.648468449017336,0.60025779739165,0.583644043887143,0.568079320050633,0.226864580099845,0.225068605931733,0.230359340277325,0.238925065970633,NA,0.186483838269753,0.158768609836717,"all"
"2022-23","Regular Season","201142","Kevin Durant",1610612751,"BKN","Brooklyn Nets","1111111111",2022-12-12,"ABC vs. XYZ",0.462236651860121,0.553023888964623,0.566354933042651,0.447778849582669,NA,NA,NA,NA,100,0.4,0.28,0.22,0.2,0.4,0.28,0.22,0.28,0.3,0.16,0.16,0.16,1,1,1,1,0.598984771573604,0.56198347107438,0.527862208713272,0.523903400689995,0.311845622911404,0.317019812483738,0.314864065573905,0.319316480159492,0.25,0.2,0.209444444444444,0.246944444444445,0.225,0.26,0.253333333333333,0.260833333333333,0.2,0.25,0.247222222222222,0.249722222222222,0.8,0.86,0.81,0.8275,0.600695940334461,0.561613781474907,0.556384374061766,0.553251538547662,0.185845879008243,0.182085419351598,0.188066478718845,0.197784611152137,NA,0.234577240452671,0.255599037504827,"all"
"2022-23","Regular Season","1627732","Ben Simmons",1610612751,"BKN","Brooklyn Nets","1111111111",2022-12-12,"ABC vs. XYZ",0.462236651860121,0.553023888964623,0.566354933042651,0.447778849582669,NA,NA,NA,NA,95,0.5,0.36,0.3,0.28,0.3,0.4,0.38,0.33,0.3,0.24,0.22,0.17,0.7,0.8,0.9,0.95,0.741935483870968,0.613333333333333,0.59228650137741,0.571428571428571,0.158556312430049,0.147290984154161,0.164330057457965,0.1940622054294,0.225,0.18,0.189444444444444,0.226944444444445,0.25,0.23,0.213333333333333,0.248333333333333,0.225,0.22,0.217222222222222,0.247222222222222,0.875,0.91,0.835,0.84,0.56495826226012,0.548776315910169,0.540278300895731,0.541370245863018,0.224168206628582,0.224517626433993,0.22569998074783,0.22909817983466,NA,0.221552118784315,0.234306264225397,"all"
"2022-23","Regular Season","1629651","Nic Claxton",1610612751,"BKN","Brooklyn Nets","1111111111",2022-12-12,"ABC vs. XYZ",0.462236651860121,0.553023888964623,0.566354933042651,0.447778849582669,NA,NA,NA,NA,45,0.2,0.16,0.177777777777778,0.177777777777778,0.3,0.36,0.333333333333333,0.333333333333333,0.2,0.16,0.155555555555556,0.155555555555556,1,1,0.52,0.45,0.73972602739726,0.726775956284153,0.736507936507937,0.693726937269373,0.151853728268088,0.160498584183866,0.154069710988605,0.148543266902041,0.3,0.23,0.22,0.2525,0.25,0.24,0.225,0.2475,0.25,0.25,0.235,0.2525,0.8,0.86,0.93,0.965,0.565510626378547,0.520415660172464,0.504222942113099,0.510795654402818,0.225843852669072,0.221215726426567,0.22826506736517,0.2404779144665,NA,0.219825937533696,0.268034664896464,"all"
"2022-23","Regular Season","1630692","Jordan Goodwin",1610612764,"WAS","Washington Wizards","1111111111",2022-12-12,"ABC vs. XYZ",0.537763348139879,0.446976111035377,0.433645066957349,0.552221150417331,NA,NA,NA,NA,2,0,0,0,0,0,0,0,0,0,0,0,0,0.2,0.0909090909090909,0.0909090909090909,0.0909090909090909,0.452054794520548,0.479674796747967,0.479674796747967,0.479674796747967,0.16555726042526,0.151668765360575,0.151668765360575,0.151668765360575,0.25,0.19,0.210416666666667,0.211666666666667,0.25,0.19,0.18125,0.199375,0.225,0.18,0.17625,0.18578125,0.9,0.9,0.835,0.685,0.465629774334228,0.464903657785194,0.456044617819406,0.452325322491693,0.216498366364093,0.211192716647805,0.220916135344903,0.207355452879376,NA,0.154006702312117,0.13359344962477,"all"
"2022-23","Regular Season","1630557","Corey Kispert",1610612764,"WAS","Washington Wizards","1111111111",2022-12-12,"ABC vs. XYZ",0.537763348139879,0.446976111035377,0.433645066957349,0.552221150417331,NA,NA,NA,NA,48,0.1,0.08,0.0416666666666667,0.0416666666666667,0.3,0.12,0.125,0.125,0,0,0.0208333333333333,0.0208333333333333,0.6,0.72,0.82,0.5,0.473684210526316,0.513966480446927,0.48910411622276,0.46656298600311,0.124115035860044,0.127436464157632,0.141793702270971,0.141620772970666,0.225,0.17,0.2,0.20125,0.175,0.16,0.15,0.168125,0.15,0.15,0.145,0.15453125,0.8,0.742727272727273,0.652727272727273,0.582727272727273,0.460222420332786,0.456330736860454,0.453687287950708,0.455603275177907,0.226858922505397,0.217250791948541,0.223384901117304,0.209867450976853,NA,0.16425259955575,0.129759655805707,"all"
"2022-23","Regular Season","1630166","Deni Avdija",1610612764,"WAS","Washington Wizards","1111111111",2022-12-12,"ABC vs. XYZ",0.537763348139879,0.446976111035377,0.433645066957349,0.552221150417331,NA,NA,NA,NA,32,0.1,0.12,0.1,0.125,0,0.08,0.04,0.0625,0,0.04,0.02,0.03125,1,0.88,0.52,0.32,0.407407407407407,0.401069518716578,0.406169665809769,0.426409903713893,0.149306743323444,0.160954736374501,0.173889681189284,0.163776980192111,0.225,0.16,0.185416666666667,0.180416666666667,0.25,0.17,0.17125,0.18375,0.225,0.16,0.16125,0.16625,0.7,0.702727272727273,0.727727272727273,0.627727272727273,0.476791621112513,0.484554977293042,0.474420900553956,0.465641545750211,0.220560995639547,0.208871223894324,0.215360906387725,0.204328399171492,NA,0.160389175826849,0.133051983450896,"all"
"2022-23","Regular Season","1628398","Kyle Kuzma",1610612764,"WAS","Washington Wizards","1111111111",2022-12-12,"ABC vs. XYZ",0.537763348139879,0.446976111035377,0.433645066957349,0.552221150417331,NA,NA,NA,NA,92,0.4,0.28,0.26,0.24,0.3,0.16,0.16,0.19,0.2,0.08,0.1,0.1,1,1,1,0.92,0.478468899521531,0.463470319634703,0.456057007125891,0.450103234686855,0.293746049279611,0.274449598203987,0.278368567838886,0.248504855689249,0.15,0.12,0.145416666666667,0.151666666666667,0.175,0.15,0.14125,0.151875,0.15,0.15,0.14125,0.14328125,0.7,0.672727272727273,0.607727272727273,0.477727272727273,0.459026248083982,0.46895477706351,0.461949065224925,0.459718213006971,0.184451169150505,0.180497508436952,0.189241184725325,0.183146430297207,NA,0.218681345158974,0.236554148975336,"all"
"2022-23","Regular Season","204001","Kristaps Porzingis",1610612764,"WAS","Washington Wizards","1111111111",2022-12-12,"ABC vs. XYZ",0.537763348139879,0.446976111035377,0.433645066957349,0.552221150417331,NA,NA,NA,NA,100,0.4,0.28,0.44,0.44,0.4,0.4,0.4,0.42,0.3,0.24,0.28,0.29,1,1,1,1,0.502958579881657,0.481108312342569,0.472847682119205,0.466225165562914,0.298825636993273,0.281930067855101,0.289612590080469,0.275519202665476,0.15,0.12,0.100416666666667,0.101666666666667,0.15,0.09,0.08125,0.094375,0.15,0.08,0.08125,0.09328125,0.7,0.672727272727273,0.607727272727273,0.457727272727273,0.45290382799395,0.464545278886544,0.457751396476597,0.455687730287956,0.18318127222209,0.178627391024174,0.186430179164929,0.17639284355315,NA,0.275645314942284,0.347706280349147,"all"
"2022-23","Regular Season","1628988","Aaron Holiday",1610612737,"ATL","Atlanta Hawks","1111111111",2022-12-12,"ABC vs. XYZ",0.487718025727605,0.474656068277105,0.441962982249638,0.514868858640436,NA,NA,NA,NA,19,0.4,0.28,0.26,0.25,0.2,0.32,0.22,0.2,0.1,0.16,0.1,0.0833333333333333,0.1,0.08,0.06,0.19,0.384615384615385,0.419047619047619,0.413793103448276,0.439121756487026,0.143555631346923,0.13135953718971,0.165371412299868,0.172775050212295,0.121428571428571,0.141428571428571,0.151428571428571,0.163928571428571,0.132142857142857,0.187142857142857,0.187142857142857,0.202142857142857,0.157142857142857,0.197142857142857,0.197142857142857,0.207142857142857,0.65,0.595217391304348,0.600217391304348,0.567717391304348,0.502580849509779,0.49976508175155,0.512147544238674,0.500935660511767,0.167380928598543,0.17352855068485,0.173933031258142,0.173251340381956,NA,0.187251106501887,0.166058567838251,"all"
"2022-23","Regular Season","1630235","Trent Forrest",1610612737,"ATL","Atlanta Hawks","1111111111",2022-12-12,"ABC vs. XYZ",0.487718025727605,0.474656068277105,0.441962982249638,0.514868858640436,NA,NA,NA,NA,7,0.285714285714286,0.285714285714286,0.285714285714286,0.285714285714286,0.428571428571429,0.428571428571429,0.428571428571429,0.428571428571429,0.142857142857143,0.142857142857143,0.142857142857143,0.142857142857143,0.1,0.12,0.14,0.07,0.565217391304348,0.458333333333333,0.496815286624204,0.49003984063745,0.0936890299557108,0.119400218470961,0.1280771960154,0.130366440577059,0.15,0.14,0.145,0.155,0.075,0.16,0.135,0.145,0.1,0.17,0.15,0.154166666666667,0.65,0.585217391304348,0.580217391304348,0.597717391304348,0.457430347837538,0.489943653180122,0.491391998444693,0.488206139474161,0.179847578946347,0.176518380364537,0.183256585329259,0.183853492790765,NA,0.216745525631342,0.192164133306631,"all"
"2022-23","Regular Season","1631100","AJ Griffin",1610612737,"ATL","Atlanta Hawks","1111111111",2022-12-12,"ABC vs. XYZ",0.487718025727605,0.474656068277105,0.441962982249638,0.514868858640436,NA,NA,NA,NA,6,0,0,0,0,0,0,0,0,0,0,0,0,0.5,0.260869565217391,0.260869565217391,0.260869565217391,0.396551724137931,0.446078431372549,0.446078431372549,0.446078431372549,0.214584014837183,0.203205279435149,0.203205279435149,0.203205279435149,0.221428571428572,0.211428571428571,0.216428571428571,0.226428571428571,0.182142857142857,0.267142857142857,0.242142857142857,0.252142857142857,0.207142857142857,0.277142857142857,0.257142857142857,0.261309523809524,0.55,0.55,0.55,0.55,0.499596764629142,0.493007378670318,0.504076212257606,0.499196491790386,0.149623832725978,0.155567115123491,0.164474564474322,0.165643783076243,NA,0.158365281300834,0.134134681625815,"all"
"2022-23","Regular Season","1629631","De'Andre Hunter",1610612737,"ATL","Atlanta Hawks","1111111111",2022-12-12,"ABC vs. XYZ",0.487718025727605,0.474656068277105,0.441962982249638,0.514868858640436,NA,NA,NA,NA,95,0.2,0.2,0.24,0.22,0.1,0.24,0.2,0.18,0.1,0.16,0.14,0.08,1,1,1,0.95,0.41025641025641,0.469648562300319,0.461794019933555,0.451957295373665,0.20279728822979,0.214424025315487,0.207276340435071,0.204310657132687,0.171428571428571,0.161428571428572,0.156428571428572,0.171428571428571,0.157142857142857,0.207142857142857,0.192142857142857,0.207142857142857,0.182142857142857,0.217142857142857,0.197142857142857,0.213809523809524,0.425,0.365217391304348,0.365217391304348,0.377717391304348,0.496170593099522,0.487114845938375,0.500147315117355,0.497726775790107,0.152570514377827,0.152762428653406,0.163456799224341,0.165367438651858,NA,0.195970348496922,0.195293147988641,"all"
"2022-23","Regular Season","203991","Clint Capela",1610612737,"ATL","Atlanta Hawks","1111111111",2022-12-12,"ABC vs. XYZ",0.487718025727605,0.474656068277105,0.441962982249638,0.514868858640436,NA,NA,NA,NA,99,0,0.08,0.08,0.15,0,0.08,0.12,0.2,0,0.04,0.04,0.11,1,1,1,0.99,0.638297872340426,0.625,0.64390243902439,0.615667074663403,0.15845338137149,0.157084679517804,0.157173309146948,0.155122984382929,0.221428571428572,0.191428571428572,0.196428571428572,0.188928571428572,0.182142857142857,0.247142857142857,0.212142857142857,0.202142857142857,0.182142857142857,0.247142857142857,0.227142857142857,0.208809523809524,0.425,0.365217391304348,0.365217391304348,0.367717391304348,0.439160227578519,0.448276986513455,0.454620210344646,0.456799330967673,0.163656491092402,0.167097265102827,0.175982557046372,0.177664356839297,NA,0.188102103311452,0.228712730390124,"all"
"2022-23","Regular Season","1629630","Ja Morant",1610612763,"MEM","Memphis Grizzlies","1111111111",2022-12-12,"ABC vs. XYZ",0.512281974272395,0.525343931722895,0.558037017750362,0.485131141359564,NA,NA,NA,NA,100,0.3,0.28,0.18,0.13,0.4,0.4,0.26,0.21,0.3,0.28,0.2,0.11,1,1,1,1,0.431279620853081,0.465201465201465,0.472118959107807,0.475888943010229,0.350880064853274,0.358204063672677,0.349365399235888,0.332381097697908,0.175,0.223478260869565,0.213478260869565,0.213478260869565,0.175,0.175217391304348,0.200217391304348,0.192717391304348,0.175,0.17695652173913,0.21195652173913,0.21945652173913,0.775,0.68,0.595,0.5625,0.507808998315328,0.479924283351907,0.482925264439729,0.492107917885805,0.209575924646951,0.20238609283172,0.201900885230273,0.201789739900448,NA,0.232109858860856,0.243248856775887,"all"
"2022-23","Regular Season","1628415","Dillon Brooks",1610612763,"MEM","Memphis Grizzlies","1111111111",2022-12-12,"ABC vs. XYZ",0.512281974272395,0.525343931722895,0.558037017750362,0.485131141359564,NA,NA,NA,NA,99,0.4,0.36,0.34,0.34,0.1,0.16,0.26,0.27,0.1,0.16,0.24,0.2,1,1,1,0.99,0.412087912087912,0.398584905660377,0.401699029126214,0.423450789793439,0.271660969768673,0.260501552040373,0.264962205948039,0.268449781499185,0.15,0.203478260869565,0.173478260869565,0.160978260869565,0.25,0.235217391304348,0.200217391304348,0.177717391304348,0.25,0.23695652173913,0.21695652173913,0.19195652173913,0.775,0.68,0.595,0.565,0.51260692550662,0.496578423237179,0.500530246935127,0.505217456190002,0.229380698418102,0.226811720739796,0.223001683552235,0.217772568950129,NA,0.228253882397753,0.243020931720787,"all"
"2022-23","Regular Season","1629723","John Konchar",1610612763,"MEM","Memphis Grizzlies","1111111111",2022-12-12,"ABC vs. XYZ",0.512281974272395,0.525343931722895,0.558037017750362,0.485131141359564,NA,NA,NA,NA,23,0,0.0434782608695652,0.0434782608695652,0.0434782608695652,0,0.0434782608695652,0.0434782608695652,0.0434782608695652,0,0.0434782608695652,0.0434782608695652,0.0434782608695652,1,0.64,0.34,0.23,0.468354430379747,0.469879518072289,0.48559670781893,0.488262910798122,0.131436860196614,0.11544546677417,0.112888874561934,0.105344381290404,0.25,0.282608695652174,0.247608695652174,0.235108695652174,0.275,0.264347826086957,0.254347826086956,0.234347826086957,0.275,0.255217391304348,0.260217391304348,0.245217391304348,0.775,0.77,0.76,0.755,0.498540295933661,0.478754770134201,0.479555827261948,0.489014425938831,0.264436725811116,0.263075742056346,0.261020016398761,0.258548919002324,NA,0.154129162598787,0.114590137242597,"all"
"2022-23","Regular Season","1628991","Jaren Jackson Jr.",1610612763,"MEM","Memphis Grizzlies","1111111111",2022-12-12,"ABC vs. XYZ",0.512281974272395,0.525343931722895,0.558037017750362,0.485131141359564,NA,NA,NA,NA,100,0.2,0.36,0.34,0.34,0.3,0.28,0.28,0.24,0.2,0.16,0.16,0.14,1,1,1,1,0.507936507936508,0.425465838509317,0.419405320813772,0.419575113808801,0.252345409036453,0.249683360157956,0.249348057213169,0.25402901813126,0.2,0.203478260869565,0.173478260869565,0.160978260869565,0.2,0.205217391304348,0.195217391304348,0.185217391304348,0.225,0.22695652173913,0.22195652173913,0.20945652173913,0.775,0.68,0.595,0.5625,0.488644776544471,0.489858190024944,0.496103674013238,0.506186375186162,0.234209588601157,0.2295162687104,0.226905220735952,0.22137775979211,NA,0.220459823960514,0.226848708990271,"all"
"2022-23","Regular Season","1629634","Brandon Clarke",1610612763,"MEM","Memphis Grizzlies","1111111111",2022-12-12,"ABC vs. XYZ",0.512281974272395,0.525343931722895,0.558037017750362,0.485131141359564,NA,NA,NA,NA,3,0.1,0.130434782608696,0.130434782608696,0.130434782608696,0.3,0.217391304347826,0.217391304347826,0.217391304347826,0.2,0.0869565217391304,0.0869565217391304,0.0869565217391304,0.1,0.08,0.04,0.03,0.642857142857143,0.625766871165644,0.625,0.637142857142857,0.182860459586066,0.18391399235438,0.180404403197949,0.179335778680942,0.225,0.260869565217391,0.225869565217391,0.213369565217391,0.2,0.220869565217391,0.210869565217391,0.190869565217391,0.175,0.211739130434783,0.216739130434783,0.201739130434783,1,0.91,0.835,0.805,0.454914617814312,0.439782931860862,0.444705004216681,0.451794439352648,0.251580825963753,0.245958610661294,0.244141134239758,0.240051069654689,NA,0.20328498339641,0.248101172815078,"all"
"2022-23","Regular Season","1630581","Josh Giddey",1610612760,"OKC","Oklahoma City Thunder","1111111111",2022-12-12,"ABC vs. XYZ",0.431048021466129,0.534470351679623,0.509126979583079,0.448466315937092,NA,NA,NA,NA,77,0,0.12,0.08,0.0909090909090909,0,0.12,0.14,0.155844155844156,0,0.04,0.06,0.0649350649350649,1,1,1,1,0.427536231884058,0.447887323943662,0.444117647058824,0.428427419354839,0.230435290546707,0.241824324267809,0.234551826213597,0.229412949224183,0.25,0.23,0.25,0.242771392081737,0.225,0.21,0.205,0.213451468710089,0.225,0.21,0.2,0.213451468710089,0.925,0.88,0.825,0.797432432432433,0.427906435081688,0.462230072587435,0.445903599785664,0.430333137410775,0.218091230148067,0.220179749600501,0.226955061276875,0.225712555455835,NA,0.185582235411871,0.163363588525299,"all"
"2022-23","Regular Season","1628983","Shai Gilgeous-Alexander",1610612760,"OKC","Oklahoma City Thunder","1111111111",2022-12-12,"ABC vs. XYZ",0.431048021466129,0.534470351679623,0.509126979583079,0.448466315937092,NA,NA,NA,NA,100,0.2,0.28,0.22,0.18,0.1,0.2,0.18,0.15,0,0.16,0.08,0.08,1,1,1,1,0.428571428571429,0.503891050583658,0.495959595959596,0.475531914893617,0.328680604886523,0.329441865192433,0.330012385362495,0.313527483755354,0.2,0.19,0.215,0.22049866480901,0.2,0.19,0.195,0.214912507671128,0.2,0.19,0.2,0.218159260917882,0.925,0.88,0.825,0.797432432432433,0.427647635909845,0.448229140927436,0.432943112560471,0.41855701352608,0.193529901563113,0.198275364369345,0.20308992148965,0.204683921823043,NA,0.219320317443316,0.213790155489291,"all"
"2022-23","Regular Season","1629652","Luguentz Dort",1610612760,"OKC","Oklahoma City Thunder","1111111111",2022-12-12,"ABC vs. XYZ",0.431048021466129,0.534470351679623,0.509126979583079,0.448466315937092,NA,NA,NA,NA,100,0,0.12,0.2,0.24,0.2,0.12,0.2,0.26,0.1,0.04,0.04,0.09,1,1,1,1,0.405172413793103,0.401315789473684,0.38622754491018,0.394294074615947,0.207850969080798,0.206565392236421,0.22372418021944,0.231029294866761,0.25,0.23,0.22,0.20549866480901,0.175,0.21,0.19,0.187412507671128,0.175,0.21,0.19,0.190659260917881,0.925,0.88,0.825,0.797432432432433,0.433497389604427,0.473872956204929,0.460376125322825,0.438866473595498,0.223737310514544,0.228994482608348,0.229661972775414,0.225308469045191,NA,0.199623420163303,0.19825408269342,"all"
"2022-23","Regular Season","1630197","Aleksej Pokusevski",1610612760,"OKC","Oklahoma City Thunder","1111111111",2022-12-12,"ABC vs. XYZ",0.431048021466129,0.534470351679623,0.509126979583079,0.448466315937092,NA,NA,NA,NA,46,0.6,0.32,0.34,0.310344827586207,0.4,0.28,0.28,0.258620689655172,0,0,0.08,0.0862068965517241,0.9,0.8,0.56,0.46,0.44578313253012,0.458333333333333,0.454741379310345,0.413122721749696,0.189587265054477,0.189851601550927,0.196472308218483,0.203846462721261,0.1,0.18,0.185,0.187912457912458,0.125,0.17,0.17,0.187757335257335,0.125,0.17,0.17,0.191004088504089,0.95,0.93,0.935,0.932432432432432,0.423344709920172,0.459618570240017,0.443247666722784,0.43415931181206,0.228303236521124,0.233172930279721,0.236474940775654,0.232104177081566,NA,0.208940163321738,0.199638137197523,"all"
"2022-23","Regular Season","1630526","Jeremiah Robinson-Earl",1610612760,"OKC","Oklahoma City Thunder","1111111111",2022-12-12,"ABC vs. XYZ",0.431048021466129,0.534470351679623,0.509126979583079,0.448466315937092,NA,NA,NA,NA,54,0.2,0.2,0.24,0.240740740740741,0.2,0.24,0.16,0.185185185185185,0.2,0.12,0.06,0.0740740740740741,0.8,0.72,0.74,0.72972972972973,0.432098765432099,0.485380116959064,0.446685878962536,0.438383838383838,0.14624608157047,0.154860139422223,0.157611371307082,0.154446980479965,0.2,0.21,0.21,0.205313479623824,0.175,0.18,0.2,0.206116211374832,0.175,0.18,0.2,0.209362964621585,0.975,0.95,0.89,0.865,0.426765801694677,0.452856874333584,0.445261541809736,0.427844032653525,0.239138532392126,0.241920795811898,0.246190175003504,0.24445404764189,NA,0.182774720528048,0.149929481327418,"all"
"2022-23","Regular Season","1629029","Luka Doncic",1610612742,"DAL","Dallas Mavericks","1111111111",2022-12-12,"ABC vs. XYZ",0.568951978533871,0.465529648320377,0.490873020416921,0.551533684062908,NA,NA,NA,NA,100,0.2,0.36,0.32,0.35,0.2,0.36,0.38,0.35,0.1,0.12,0.14,0.17,1,1,1,1,0.506912442396313,0.493870402802102,0.483096085409253,0.467690917306823,0.367533044305618,0.382679392512791,0.389846378061092,0.383803432049335,0.225,0.14,0.16,0.16,0.225,0.15,0.15,0.1375,0.225,0.17,0.17,0.1525,0.95,0.79,0.68,0.76,0.527738480063361,0.48604133175426,0.501319159146017,0.495744350958331,0.177647605188489,0.180219960511215,0.182052725706838,0.180677162782693,NA,0.271298027183116,0.324362301907585,"all"
"2022-23","Regular Season","203915","Spencer Dinwiddie",1610612742,"DAL","Dallas Mavericks","1111111111",2022-12-12,"ABC vs. XYZ",0.568951978533871,0.465529648320377,0.490873020416921,0.551533684062908,NA,NA,NA,NA,69,0.1,0.04,0.08,0.12,0.2,0.16,0.12,0.1,0.1,0.04,0.06,0.05,1,1,0.58,0.69,0.469026548672566,0.457943925233645,0.448763250883392,0.427542754275428,0.221942716416526,0.225244153716446,0.229185396301845,0.21888546758746,0.25,0.22,0.22,0.2175,0.225,0.2,0.215,0.2,0.225,0.22,0.225,0.2025,0.95,0.79,0.785,0.8375,0.537209953494297,0.495022951146374,0.509902367777482,0.50578139171618,0.214045187160762,0.219578770210301,0.222217971146649,0.221906653898161,NA,0.177679252082062,0.157122633738667,"all"
"2022-23","Regular Season","203501","Tim Hardaway Jr.",1610612742,"DAL","Dallas Mavericks","1111111111",2022-12-12,"ABC vs. XYZ",0.568951978533871,0.465529648320377,0.490873020416921,0.551533684062908,NA,NA,NA,NA,47,0.5,0.24,0.26,0.25,0.4,0.16,0.22,0.19,0.4,0.16,0.2,0.15,0.8,0.32,0.22,0.47,0.436974789915966,0.368794326241135,0.38527397260274,0.401606425702811,0.235128474148089,0.240058206440269,0.238312010844802,0.22878849669706,0.15,0.17,0.175,0.185,0.175,0.2,0.19,0.1775,0.175,0.2,0.195,0.18,1,0.96,0.875,0.8925,0.545222893183448,0.517310350894501,0.525774687347645,0.512265473859334,0.210748747727871,0.215875257029345,0.21993631751091,0.219430896620761,NA,0.202946662908438,0.196096443585889,"all"
"2022-23","Regular Season","1627827","Dorian Finney-Smith",1610612742,"DAL","Dallas Mavericks","1111111111",2022-12-12,"ABC vs. XYZ",0.568951978533871,0.465529648320377,0.490873020416921,0.551533684062908,NA,NA,NA,NA,100,0.1,0.12,0.1,0.1,0.1,0.12,0.08,0.09,0,0.04,0.02,0.04,1,1,1,1,0.397260273972603,0.403141361256544,0.46039603960396,0.462616822429907,0.12698830133249,0.127868730950781,0.127162693490504,0.135261403533009,0.25,0.2,0.215,0.2225,0.25,0.21,0.225,0.2025,0.25,0.23,0.24,0.21,0.95,0.79,0.68,0.76,0.555151522169288,0.508723592140649,0.50699417059734,0.49701287467756,0.237783790931771,0.243922625901717,0.247723646849485,0.242812669911774,NA,0.161016572077566,0.11799501764818,"all"
"2022-23","Regular Season","203939","Dwight Powell",1610612742,"DAL","Dallas Mavericks","1111111111",2022-12-12,"ABC vs. XYZ",0.568951978533871,0.465529648320377,0.490873020416921,0.551533684062908,NA,NA,NA,NA,88,0.2,0.16,0.2,0.17,0.2,0.16,0.18,0.17,0.1,0.12,0.16,0.12,1,0.84,0.92,0.88,0.807692307692308,0.714285714285714,0.710843373493976,0.691211401425178,0.126530928856851,0.127708750937364,0.133550802190199,0.139773283313242,0.225,0.19,0.19,0.205,0.225,0.2,0.2,0.1825,0.225,0.22,0.21,0.185,0.95,0.83,0.7,0.79,0.452543513739362,0.430937503883356,0.444382337124836,0.439864229928742,0.237898134050681,0.243962620905072,0.246126619674561,0.241684699966716,NA,0.193723100553025,0.206946528968856,"all"
"2022-23","Regular Season","1629636","Darius Garland",1610612739,"CLE","Cleveland Cavaliers","1111111111",2022-12-12,"ABC vs. XYZ",0.56615755457936,0.47163585497817,0.50091170453511,0.545484050685123,NA,NA,NA,NA,99,0.4,0.32,0.3,0.24,0.2,0.2,0.2,0.2,0.1,0.08,0.08,0.09,1,1,1,0.99,0.403726708074534,0.437070938215103,0.443600867678959,0.455600696459663,0.263140833156536,0.28726215319233,0.297332483508519,0.283158009158224,0.2,0.190833333333333,0.220833333333333,0.214251700680272,0.25,0.210416666666667,0.240416666666667,0.229141156462585,0.25,0.190416666666667,0.235416666666667,0.226641156462585,1,0.86,0.84,0.81,0.538504216339085,0.537675576309586,0.532020914122513,0.526266967434067,0.205761630708453,0.210175586267387,0.218006560294839,0.218930726915003,NA,0.214040413547465,0.202722768917217,"all"
"2022-23","Regular Season","1628378","Donovan Mitchell",1610612739,"CLE","Cleveland Cavaliers","1111111111",2022-12-12,"ABC vs. XYZ",0.56615755457936,0.47163585497817,0.50091170453511,0.545484050685123,NA,NA,NA,NA,100,0.4,0.4,0.44,0.37,0.3,0.32,0.32,0.3,0.3,0.24,0.18,0.18,1,1,1,1,0.486772486772487,0.49003984063745,0.456459330143541,0.453493975903614,0.322432337197565,0.31617058489166,0.32778171814043,0.330249236727992,0.2,0.170833333333333,0.185833333333333,0.181751700680272,0.225,0.180416666666667,0.210416666666667,0.204141156462585,0.225,0.180416666666667,0.205416666666667,0.204141156462585,1,0.86,0.84,0.8075,0.517742771664597,0.524433350703999,0.528806298506368,0.526793647573079,0.190938754698196,0.202948478342555,0.210394251636861,0.207157920022561,NA,0.255631095808544,0.269493981544842,"all"
"2022-23","Regular Season","1630205","Lamar Stevens",1610612739,"CLE","Cleveland Cavaliers","1111111111",2022-12-12,"ABC vs. XYZ",0.56615755457936,0.47163585497817,0.50091170453511,0.545484050685123,NA,NA,NA,NA,24,0.1,0.0833333333333333,0.0833333333333333,0.0833333333333333,0,0.0416666666666667,0.0416666666666667,0.0416666666666667,0,0,0,0,1,0.44,0.36,0.24,0.441176470588235,0.466257668711656,0.487455197132616,0.487068965517241,0.134675085023116,0.159671139581891,0.166293518107504,0.165297748302066,0.275,0.25,0.275,0.253418367346939,0.3,0.25,0.28,0.268724489795918,0.3,0.24,0.275,0.268724489795918,1,1,1,0.9975,0.52914177571066,0.530378893685448,0.521057331759099,0.518399900169672,0.237878067741808,0.242073339669997,0.250766301645092,0.248395792129043,NA,0.15558733974088,0.113620534106773,"all"
"2022-23","Regular Season","1630596","Evan Mobley",1610612739,"CLE","Cleveland Cavaliers","1111111111",2022-12-12,"ABC vs. XYZ",0.56615755457936,0.47163585497817,0.50091170453511,0.545484050685123,NA,NA,NA,NA,98,0.1,0.08,0.16,0.183673469387755,0.2,0.08,0.26,0.244897959183673,0.1,0.04,0.08,0.112244897959184,1,1,1,1,0.527272727272727,0.548387096774194,0.547038327526132,0.522569444444444,0.19309685911916,0.191864806214405,0.200190044630353,0.202683723557549,0.275,0.250833333333333,0.255833333333333,0.228333333333333,0.25,0.240416666666667,0.225416666666667,0.217916666666667,0.25,0.230416666666667,0.220416666666667,0.217916666666667,1,0.86,0.84,0.8075,0.507617711539537,0.509846536669813,0.50616154916072,0.509524780437872,0.223272624217797,0.234024923011869,0.24229217001438,0.239049298315172,NA,0.20278417605464,0.210164740370649,"all"
"2022-23","Regular Season","1628386","Jarrett Allen",1610612739,"CLE","Cleveland Cavaliers","1111111111",2022-12-12,"ABC vs. XYZ",0.56615755457936,0.47163585497817,0.50091170453511,0.545484050685123,NA,NA,NA,NA,100,0.2,0.2,0.2,0.22,0.5,0.4,0.34,0.33,0.2,0.2,0.16,0.18,1,1,1,1,0.698795180722892,0.646017699115044,0.637130801687764,0.641935483870968,0.17284224149397,0.172995814381593,0.177760960301067,0.177492199072405,0.25,0.220833333333333,0.245833333333333,0.219251700680272,0.175,0.160416666666667,0.205416666666667,0.196641156462585,0.175,0.160416666666667,0.205416666666667,0.199141156462585,1,0.86,0.84,0.8075,0.464737098176996,0.485438886084601,0.483638430620312,0.47968327058124,0.228336278624094,0.238742170970071,0.247899441096702,0.245347179436458,NA,0.22354051079304,0.281281468716665,"all"
"2022-23","Regular Season","1630200","Tre Jones",1610612759,"SAS","San Antonio Spurs","1111111111",2022-12-12,"ABC vs. XYZ",0.43384244542064,0.52836414502183,0.49908829546489,0.454515949314877,NA,NA,NA,NA,36,0,0.12,0.135135135135135,0.135135135135135,0,0.12,0.135135135135135,0.135135135135135,0,0.04,0.0810810810810811,0.0810810810810811,1,1,0.64,0.36,0.435897435897436,0.423357664233577,0.441379310344828,0.461172741679873,0.19739499457072,0.192645363351791,0.177544666317831,0.169728836718692,0.275,0.229090909090909,0.194090909090909,0.171722488038277,0.3,0.256590909090909,0.226590909090909,0.224880382775119,0.3,0.266590909090909,0.231590909090909,0.222380382775119,0.85,0.79,0.79,0.6775,0.450234478448509,0.467695374800638,0.458260479606691,0.460652897304514,0.229203320820131,0.22037645201938,0.204467925512744,0.191875440680076,NA,0.181716834189422,0.184554700697777,"all"
"2022-23","Regular Season","1630170","Devin Vassell",1610612759,"SAS","San Antonio Spurs","1111111111",2022-12-12,"ABC vs. XYZ",0.43384244542064,0.52836414502183,0.49908829546489,0.454515949314877,NA,NA,NA,NA,51,0.2,0.24,0.22,0.210526315789474,0.6,0.4,0.3,0.263157894736842,0.3,0.16,0.14,0.12280701754386,0.9,0.88,0.88,0.51,0.463414634146341,0.454545454545455,0.432352941176471,0.435609334485739,0.245785922593516,0.23718330121631,0.212729787534784,0.201344096771014,0.225,0.199090909090909,0.172874692874693,0.152874692874693,0.15,0.186590909090909,0.185374692874693,0.192874692874693,0.175,0.196590909090909,0.190374692874693,0.190374692874693,0.875,0.82,0.73,0.64,0.443355178886283,0.459898427222668,0.460517071898781,0.467043749103047,0.217105588814432,0.20924196755325,0.195671645208505,0.183971625666995,NA,0.216294518520222,0.236417802351005,"all"
"2022-23","Regular Season","1629640","Keldon Johnson",1610612759,"SAS","San Antonio Spurs","1111111111",2022-12-12,"ABC vs. XYZ",0.43384244542064,0.52836414502183,0.49908829546489,0.454515949314877,NA,NA,NA,NA,99,0.6,0.44,0.32,0.24,0.2,0.24,0.22,0.25,0.1,0.16,0.12,0.12,1,1,1,0.99,0.35678391959799,0.403508771929825,0.429073856975381,0.446489434219496,0.302586703626991,0.287264550258697,0.261475036825145,0.23273230183296,0.125,0.149090909090909,0.147874692874693,0.145506271822061,0.25,0.226590909090909,0.205374692874693,0.196164166558903,0.225,0.226590909090909,0.205374692874693,0.196164166558903,0.85,0.79,0.7,0.52,0.470012857523371,0.472657597876576,0.461336842949053,0.464323724169608,0.202905393556063,0.196721655292654,0.183485332885915,0.176124574401509,NA,0.231619464933636,0.260903276456384,"all"
"2022-23","Regular Season","1631110","Jeremy Sochan",1610612759,"SAS","San Antonio Spurs","1111111111",2022-12-12,"ABC vs. XYZ",0.43384244542064,0.52836414502183,0.49908829546489,0.454515949314877,NA,NA,NA,NA,20,0.1,0.1,0.1,0.1,0.2,0.25,0.25,0.25,0,0.05,0.05,0.05,1,1,1,1,0.494252873563218,0.473333333333333,0.473333333333333,0.473333333333333,0.178304799632713,0.158183804065046,0.158183804065046,0.158183804065046,0.25,0.234090909090909,0.202874692874693,0.180506271822061,0.25,0.224090909090909,0.197874692874693,0.196164166558903,0.25,0.234090909090909,0.202874692874693,0.193664166558903,0.85,0.79,0.7,0.5175,0.435645619032064,0.455201457525699,0.450271973859565,0.457612749391149,0.233975869554633,0.228991841841066,0.20930814107594,0.194761698843487,NA,0.193616742623593,0.210637930795866,"all"
"2022-23","Regular Season","1628380","Zach Collins",1610612759,"SAS","San Antonio Spurs","1111111111",2022-12-12,"ABC vs. XYZ",0.43384244542064,0.52836414502183,0.49908829546489,0.454515949314877,NA,NA,NA,NA,21,0.2,0.136363636363636,0.136363636363636,0.136363636363636,0.2,0.136363636363636,0.136363636363636,0.136363636363636,0.2,0.136363636363636,0.136363636363636,0.136363636363636,0.5,0.28,0.28,0.21,0.486486486486487,0.539393939393939,0.498281786941581,0.487179487179487,0.190135857427305,0.198874152537467,0.185483073626,0.175241560051284,0.225,0.225,0.193783783783784,0.171415362731152,0.25,0.2525,0.226283783783784,0.224573257467994,0.25,0.2625,0.231283783783784,0.222073257467994,0.975,0.97,0.88,0.715,0.437587215801246,0.438686306010547,0.444034860457503,0.45415121092961,0.231018105105985,0.218819254722961,0.202483323685701,0.190497259846928,NA,0.182308285153238,0.191257414818601,"all"
"2022-23","Regular Season","1626156","D'Angelo Russell",1610612750,"MIN","Minnesota Timberwolves","1111111111",2022-12-12,"ABC vs. XYZ",0.476607062943451,0.507672638680551,0.497084211132475,0.48486808097843,NA,NA,NA,NA,100,0,0.24,0.22,0.27,0,0.24,0.22,0.26,0,0.16,0.14,0.15,1,1,1,1,0.521428571428571,0.462962962962963,0.425897035881435,0.420502092050209,0.219002325621092,0.224889434969665,0.224296365248497,0.243569734272097,0.225,0.18,0.155,0.172623456790124,0.225,0.15,0.15,0.162037037037037,0.2,0.15,0.14,0.160123456790124,0.85,0.79,0.705,0.68,0.541423710613048,0.555231116949577,0.544531439914584,0.52497543453773,0.181243067451401,0.177801522036236,0.18021950375011,0.183001325272179,NA,0.207189324380699,0.216228468730623,"all"
"2022-23","Regular Season","1630162","Anthony Edwards",1610612750,"MIN","Minnesota Timberwolves","1111111111",2022-12-12,"ABC vs. XYZ",0.476607062943451,0.507672638680551,0.497084211132475,0.48486808097843,NA,NA,NA,NA,100,0.1,0.16,0.16,0.2,0.1,0.16,0.14,0.14,0,0.12,0.1,0.1,1,1,1,1,0.451086956521739,0.463414634146341,0.462514417531719,0.448991354466859,0.275379716450648,0.271131960510411,0.26398765994095,0.265101014460247,0.2,0.2,0.17,0.190123456790124,0.2,0.17,0.17,0.192037037037037,0.175,0.17,0.155,0.182623456790124,0.85,0.79,0.705,0.68,0.559009114339756,0.555118199153732,0.535377094502013,0.517853118933568,0.167148719744012,0.16624089065105,0.170296680076996,0.177618505225142,NA,0.200466276772303,0.197907021242139,"all"
"2022-23","Regular Season","1630183","Jaden McDaniels",1610612750,"MIN","Minnesota Timberwolves","1111111111",2022-12-12,"ABC vs. XYZ",0.476607062943451,0.507672638680551,0.497084211132475,0.48486808097843,NA,NA,NA,NA,54,0.2,0.12,0.14,0.160493827160494,0.2,0.08,0.12,0.148148148148148,0.2,0.08,0.06,0.0864197530864197,1,0.92,0.62,0.54,0.505747126436782,0.558375634517767,0.525252525252525,0.481434058898848,0.148075998883789,0.143909201647329,0.15499509258417,0.151653982847259,0.175,0.21,0.175,0.2,0.175,0.19,0.175,0.19,0.15,0.19,0.16,0.1775,0.85,0.81,0.8,0.795,0.545344071860995,0.531377949060876,0.519692567571811,0.50974244282557,0.198974649135727,0.19804658036682,0.197544821916191,0.205980263128389,NA,0.17625076058024,0.156706013071194,"all"
"2022-23","Regular Season","203937","Kyle Anderson",1610612750,"MIN","Minnesota Timberwolves","1111111111",2022-12-12,"ABC vs. XYZ",0.476607062943451,0.507672638680551,0.497084211132475,0.48486808097843,NA,NA,NA,NA,18,0.1,0.12,0.12,0.14,0.3,0.12,0.14,0.15,0,0,0.06,0.04,0.4,0.24,0.2,0.18,0.5,0.547619047619048,0.505576208178439,0.472906403940887,0.134875057711878,0.138246181362206,0.142420069319758,0.151904061157739,0.2,0.21,0.18,0.205123456790124,0.15,0.18,0.17,0.189537037037037,0.15,0.18,0.16,0.182623456790124,1,0.98,0.905,0.885,0.546780853470191,0.534067095785556,0.524611646840333,0.511874356565061,0.202274884428705,0.199462335438101,0.200688577732295,0.205917743550769,NA,0.172908372832534,0.142905559750808,"all"
"2022-23","Regular Season","203497","Rudy Gobert",1610612750,"MIN","Minnesota Timberwolves","1111111111",2022-12-12,"ABC vs. XYZ",0.476607062943451,0.507672638680551,0.497084211132475,0.48486808097843,NA,NA,NA,NA,100,0.5,0.32,0.2,0.19,0.3,0.24,0.2,0.21,0.2,0.2,0.16,0.15,1,1,1,1,0.708860759493671,0.651515151515151,0.684782608695652,0.696569920844327,0.166641496759289,0.157918744624999,0.159475193155561,0.163346242623472,0.1,0.16,0.16,0.192623456790124,0.15,0.15,0.155,0.174537037037037,0.125,0.15,0.145,0.167623456790124,0.85,0.79,0.705,0.68,0.494565663596773,0.50809306981153,0.47981004671103,0.455958477339201,0.194333274666852,0.194544194622403,0.196424796773344,0.203057198184335,NA,0.2086563723709,0.271545331216498,"all"
"2022-23","Regular Season","203081","Damian Lillard",1610612757,"POR","Portland Trail Blazers","1111111111",2022-12-12,"ABC vs. XYZ",0.523392937056549,0.492327361319449,0.502915788867525,0.51513191902157,NA,NA,NA,NA,100,0.2,0.2,0.16,0.23,0,0.2,0.2,0.22,0,0.04,0.06,0.06,1,1,1,1,0.4,0.419148936170213,0.420668058455115,0.436548223350254,0.316495264466938,0.318639002270813,0.304019767160845,0.311522733382611,0.175,0.19,0.225,0.215635593220339,0.225,0.18,0.23,0.225423728813559,0.225,0.16,0.215,0.212923728813559,1,1,1,0.8325,0.510840743605653,0.489991174674113,0.476199486613169,0.475779593027355,0.224845570388744,0.218808682798399,0.232433454077637,0.227110811760805,NA,0.21805271991174,0.218542787879327,"all"
"2022-23","Regular Season","1629014","Anfernee Simons",1610612757,"POR","Portland Trail Blazers","1111111111",2022-12-12,"ABC vs. XYZ",0.523392937056549,0.492327361319449,0.502915788867525,0.51513191902157,NA,NA,NA,NA,54,0,0.2,0.16,0.152542372881356,0.2,0.12,0.12,0.101694915254237,0.1,0.08,0.08,0.0677966101694915,1,1,1,0.54,0.482412060301508,0.444906444906445,0.446739130434783,0.445756457564576,0.269117843020737,0.275148773698813,0.272755645905765,0.242492604887741,0.225,0.19,0.225,0.235,0.175,0.2,0.25,0.255,0.175,0.16,0.22,0.2375,1,1,1,0.9475,0.490237728530276,0.483551797490055,0.469681718618252,0.473477534473775,0.236689925750294,0.229681239941399,0.240249484391407,0.244368343884523,NA,0.19166593335179,0.167318155533205,"all"
"2022-23","Regular Season","1628404","Josh Hart",1610612757,"POR","Portland Trail Blazers","1111111111",2022-12-12,"ABC vs. XYZ",0.523392937056549,0.492327361319449,0.502915788867525,0.51513191902157,NA,NA,NA,NA,79,0.3,0.2,0.18,0.13,0.2,0.2,0.2,0.15,0.2,0.08,0.1,0.06,1,1,1,0.79,0.564102564102564,0.510416666666667,0.488933601609658,0.48762109795479,0.130492650230442,0.131431119104245,0.170950936981872,0.16522262558389,0.15,0.19,0.22,0.240635593220339,0.175,0.18,0.23,0.242923728813559,0.175,0.14,0.195,0.220423728813559,1,1,1,0.885,0.469815102580012,0.467174242049999,0.459133100824533,0.463011374376221,0.271346223947868,0.265610653590041,0.26570066162238,0.263685838710486,NA,0.176675703402815,0.132240393265345,"all"
"2022-23","Regular Season","203924","Jerami Grant",1610612757,"POR","Portland Trail Blazers","1111111111",2022-12-12,"ABC vs. XYZ",0.523392937056549,0.492327361319449,0.502915788867525,0.51513191902157,NA,NA,NA,NA,100,0.3,0.24,0.28,0.32,0.1,0.12,0.22,0.29,0,0.04,0.1,0.15,1,1,1,1,0.462365591397849,0.471794871794872,0.454545454545455,0.435339308578745,0.282230157159705,0.244918251781422,0.246773279753708,0.268186088535475,0.15,0.18,0.195,0.193135593220339,0.2,0.2,0.225,0.207923728813559,0.2,0.16,0.195,0.195423728813559,1,1,1,0.8325,0.495249345756191,0.476829690767948,0.467730137590584,0.476081821720233,0.233411847215552,0.237238870420747,0.246745075929421,0.237944972972589,NA,0.227740649037759,0.238265148351446,"all"
"2022-23","Regular Season","203994","Jusuf Nurkic",1610612757,"POR","Portland Trail Blazers","1111111111",2022-12-12,"ABC vs. XYZ",0.523392937056549,0.492327361319449,0.502915788867525,0.51513191902157,NA,NA,NA,NA,100,0.1,0.12,0.28,0.26,0.4,0.28,0.38,0.36,0.1,0.04,0.16,0.16,1,1,1,1,0.53448275862069,0.532846715328467,0.514579759862779,0.53440150801131,0.217541631144092,0.223736586609117,0.239253953669203,0.232541928036115,0.2,0.21,0.195,0.208135593220339,0.125,0.16,0.185,0.190423728813559,0.125,0.14,0.175,0.185423728813559,1,1,1,0.8325,0.47722005395048,0.461566729884549,0.452721561261253,0.451316271862091,0.249583978719455,0.242534286713823,0.248624907450547,0.246856013097429,NA,0.236553093658039,0.269535426193747,"all"
"2022-23","Regular Season","203935","Marcus Smart",1610612738,"BOS","Boston Celtics","1111111111",2022-12-12,"ABC vs. XYZ",0.52010607486441,0.497124764126399,0.50894489568596,0.510420127840425,NA,NA,NA,NA,100,0.2,0.16,0.18,0.16,0.1,0.12,0.1,0.09,0.1,0.08,0.08,0.08,1,1,1,1,0.483870967741935,0.439834024896266,0.428571428571429,0.426183844011142,0.177746862434229,0.171186378042727,0.190292220451821,0.192816223350459,0.15,0.21,0.19,0.187735849056604,0.25,0.23,0.22,0.232452830188679,0.25,0.23,0.225,0.239952830188679,0.775,0.7,0.655,0.7025,0.530693490821487,0.504638758968506,0.480737195035992,0.470288708768861,0.2256569490329,0.226043266265531,0.225153495155795,0.227958634532277,NA,0.172278651222137,0.153884576735518,"all"
"2022-23","Regular Season","1627759","Jaylen Brown",1610612738,"BOS","Boston Celtics","1111111111",2022-12-12,"ABC vs. XYZ",0.52010607486441,0.497124764126399,0.50894489568596,0.510420127840425,NA,NA,NA,NA,100,0.2,0.24,0.26,0.27,0.2,0.16,0.26,0.34,0,0.08,0.12,0.22,1,1,1,1,0.516908212560386,0.501002004008016,0.487152034261242,0.480932203389831,0.322880303862022,0.313690943355602,0.292509175572808,0.302718968253662,0.15,0.19,0.17,0.160235849056604,0.225,0.22,0.18,0.169952830188679,0.225,0.22,0.175,0.172452830188679,0.775,0.7,0.655,0.7025,0.522434179616875,0.489346764190569,0.466092043613539,0.456601618924188,0.189373588675952,0.190417124937312,0.199599256375549,0.200482948306477,NA,0.249036157938886,0.307635864802684,"all"
"2022-23","Regular Season","1628369","Jayson Tatum",1610612738,"BOS","Boston Celtics","1111111111",2022-12-12,"ABC vs. XYZ",0.52010607486441,0.497124764126399,0.50894489568596,0.510420127840425,NA,NA,NA,NA,100,0.1,0.28,0.2,0.18,0.2,0.36,0.28,0.22,0.2,0.28,0.18,0.13,1,1,1,1,0.47196261682243,0.465648854961832,0.450787401574803,0.462338949454906,0.344490512854665,0.327985639702785,0.312634195331192,0.316678580015043,0.175,0.18,0.185,0.182735849056604,0.225,0.17,0.175,0.199952830188679,0.225,0.17,0.185,0.209952830188679,0.775,0.7,0.655,0.7025,0.533670578551363,0.498185051452115,0.475183201785149,0.46124993240792,0.183971036427791,0.186843450850517,0.194568001435953,0.196993045366131,NA,0.233433410587987,0.254090671370931,"all"
"2022-23","Regular Season","1629684","Grant Williams",1610612738,"BOS","Boston Celtics","1111111111",2022-12-12,"ABC vs. XYZ",0.52010607486441,0.497124764126399,0.50894489568596,0.510420127840425,NA,NA,NA,NA,30,0.1,0.16,0.16,0.150943396226415,0.2,0.16,0.18,0.169811320754717,0,0.08,0.06,0.0566037735849057,0.5,0.52,0.36,0.3,0.518518518518518,0.540540540540541,0.495049504950495,0.479338842975207,0.0992867495774077,0.110203246813039,0.121232443231753,0.125709715300596,0.175,0.21,0.195,0.19,0.225,0.22,0.2,0.2125,0.225,0.22,0.205,0.22,0.9,0.82,0.815,0.8775,0.522031603127342,0.479462130057437,0.464117675941226,0.456999959027845,0.245271977247105,0.241289049072953,0.242418439460813,0.244735261544743,NA,0.170980727534205,0.128047884778945,"all"
"2022-23","Regular Season","201933","Blake Griffin",1610612738,"BOS","Boston Celtics","1111111111",2022-12-12,"ABC vs. XYZ",0.52010607486441,0.497124764126399,0.50894489568596,0.510420127840425,NA,NA,NA,NA,51,0.2,0.16,0.14,0.15,0.4,0.24,0.16,0.2,0.2,0.12,0.06,0.08,0.6,0.28,0.26,0.51,0.615384615384615,0.511363636363636,0.48995983935743,0.458544839255499,0.135970229837506,0.152293235190699,0.174238166487429,0.166727274559808,0.15,0.21,0.2,0.190235849056604,0.175,0.2,0.205,0.204952830188679,0.175,0.2,0.21,0.207452830188679,0.875,0.88,0.84,0.825,0.497815078910817,0.486756356101664,0.465390092339492,0.462198459957772,0.236101107182081,0.230766551978538,0.229167008646893,0.23448087172994,NA,0.177921603300192,0.155958552702599,"all"
"2022-23","Regular Season","202704","Reggie Jackson",1610612746,"LAC","LA Clippers","1111111111",2022-12-12,"ABC vs. XYZ",0.47989392513559,0.502875235873601,0.49105510431404,0.489579872159575,NA,NA,NA,NA,100,0,0.04,0.08,0.13,0,0.04,0.06,0.12,0,0.04,0.04,0.06,1,1,1,1,0.364285714285714,0.404761904761905,0.393305439330544,0.398932621747832,0.252168819240718,0.219709585652751,0.252775458552308,0.263332365983398,0.3,0.28,0.295,0.2575,0.325,0.31,0.315,0.2675,0.35,0.31,0.305,0.255,0.95,0.98,0.99,0.9925,0.484150518678999,0.507400619873576,0.501547801688604,0.501896919454101,0.229603518377088,0.229471898348044,0.247019793947529,0.24618959101704,NA,0.179051289961521,0.160268433801997,"all"
"2022-23","Regular Season","202331","Paul George",1610612746,"LAC","LA Clippers","1111111111",2022-12-12,"ABC vs. XYZ",0.47989392513559,0.502875235873601,0.49105510431404,0.489579872159575,NA,NA,NA,NA,100,0.4,0.28,0.26,0.22,0.3,0.28,0.28,0.23,0.3,0.2,0.2,0.12,1,1,1,1,0.439306358381503,0.448430493273543,0.428131416837782,0.43598971722365,0.311338262586561,0.31193614862483,0.328389171611266,0.320592136477175,0.2,0.22,0.25,0.235,0.25,0.25,0.26,0.24,0.275,0.25,0.25,0.23,0.95,0.98,0.99,0.9925,0.465395357655052,0.496483472745667,0.492841307311795,0.492632645585147,0.214811157540627,0.206415257605025,0.228116365682789,0.231874648393596,NA,0.226923182709159,0.210870300461761,"all"
"2022-23","Regular Season","202695","Kawhi Leonard",1610612746,"LAC","LA Clippers","1111111111",2022-12-12,"ABC vs. XYZ",0.47989392513559,0.502875235873601,0.49105510431404,0.489579872159575,NA,NA,NA,NA,98,0.4,0.32,0.3,0.26,0.4,0.28,0.3,0.24,0.1,0.12,0.16,0.12,0.8,0.92,0.96,0.98,0.442748091603053,0.512064343163539,0.519559902200489,0.504783342712437,0.261885642155198,0.265320599420157,0.278526735478365,0.290444466616389,0.2,0.21,0.24,0.225,0.225,0.25,0.255,0.2375,0.25,0.25,0.25,0.2275,1,1,1,0.9975,0.464534924349664,0.480575010273168,0.469984185971118,0.47543423921295,0.227174312648468,0.218069144906193,0.240581974716015,0.239411565858793,NA,0.225867745953654,0.226788130515435,"all"
"2022-23","Regular Season","202694","Marcus Morris Sr.",1610612746,"LAC","LA Clippers","1111111111",2022-12-12,"ABC vs. XYZ",0.47989392513559,0.502875235873601,0.49105510431404,0.489579872159575,NA,NA,NA,NA,99,0.3,0.4,0.4,0.35,0.5,0.52,0.44,0.34,0.2,0.2,0.18,0.14,1,1,1,0.99,0.364406779661017,0.445578231292517,0.447540983606557,0.436677631578947,0.196812572095358,0.192594094194655,0.213737670108156,0.210900966292881,0.225,0.19,0.215,0.2025,0.2,0.19,0.22,0.2125,0.225,0.19,0.21,0.205,0.95,0.98,0.99,0.995,0.484120252335173,0.497196538240923,0.487988915619601,0.492460666996322,0.243442580163428,0.236250771212568,0.256779241058567,0.259297440939669,NA,0.230896871610426,0.220156120091859,"all"
"2022-23","Regular Season","1627826","Ivica Zubac",1610612746,"LAC","LA Clippers","1111111111",2022-12-12,"ABC vs. XYZ",0.47989392513559,0.502875235873601,0.49105510431404,0.489579872159575,NA,NA,NA,NA,100,0.1,0.12,0.22,0.2,0.1,0.16,0.24,0.26,0.2,0.08,0.14,0.13,1,1,1,1,0.690140845070423,0.623529411764706,0.610958904109589,0.63013698630137,0.148377596671236,0.148036751152536,0.167425598592329,0.162820794681716,0.275,0.26,0.26,0.24,0.3,0.28,0.27,0.2325,0.3,0.28,0.265,0.2325,0.95,0.98,0.99,0.9925,0.402686735982822,0.452708743122876,0.447134435493843,0.444095828315716,0.255551324019459,0.247390106973098,0.268357258937524,0.271317483842461,NA,0.204895521037202,0.217951401538118,"all"
